--
-- PostgreSQL database dump
--

-- Dumped from database version 10.6 (Ubuntu 10.6-0ubuntu0.18.04.1)
-- Dumped by pg_dump version 10.6 (Ubuntu 10.6-0ubuntu0.18.04.1)

SET statement_timeout = 0;
SET lock_timeout = 0;
SET idle_in_transaction_session_timeout = 0;
SET client_encoding = 'UTF8';
SET standard_conforming_strings = on;
SELECT pg_catalog.set_config('search_path', '', false);
SET check_function_bodies = false;
SET client_min_messages = warning;
SET row_security = off;

--
-- Name: plpgsql; Type: EXTENSION; Schema: -; Owner: 
--

CREATE EXTENSION IF NOT EXISTS plpgsql WITH SCHEMA pg_catalog;


--
-- Name: EXTENSION plpgsql; Type: COMMENT; Schema: -; Owner: 
--

COMMENT ON EXTENSION plpgsql IS 'PL/pgSQL procedural language';


SET default_tablespace = '';

SET default_with_oids = false;

--
-- Name: account_emailaddress; Type: TABLE; Schema: public; Owner: max
--

CREATE TABLE public.account_emailaddress (
    id integer NOT NULL,
    email character varying(254) NOT NULL,
    verified boolean NOT NULL,
    "primary" boolean NOT NULL,
    user_id integer NOT NULL
);


ALTER TABLE public.account_emailaddress OWNER TO max;

--
-- Name: account_emailaddress_id_seq; Type: SEQUENCE; Schema: public; Owner: max
--

CREATE SEQUENCE public.account_emailaddress_id_seq
    AS integer
    START WITH 1
    INCREMENT BY 1
    NO MINVALUE
    NO MAXVALUE
    CACHE 1;


ALTER TABLE public.account_emailaddress_id_seq OWNER TO max;

--
-- Name: account_emailaddress_id_seq; Type: SEQUENCE OWNED BY; Schema: public; Owner: max
--

ALTER SEQUENCE public.account_emailaddress_id_seq OWNED BY public.account_emailaddress.id;


--
-- Name: account_emailconfirmation; Type: TABLE; Schema: public; Owner: max
--

CREATE TABLE public.account_emailconfirmation (
    id integer NOT NULL,
    created timestamp with time zone NOT NULL,
    sent timestamp with time zone,
    key character varying(64) NOT NULL,
    email_address_id integer NOT NULL
);


ALTER TABLE public.account_emailconfirmation OWNER TO max;

--
-- Name: account_emailconfirmation_id_seq; Type: SEQUENCE; Schema: public; Owner: max
--

CREATE SEQUENCE public.account_emailconfirmation_id_seq
    AS integer
    START WITH 1
    INCREMENT BY 1
    NO MINVALUE
    NO MAXVALUE
    CACHE 1;


ALTER TABLE public.account_emailconfirmation_id_seq OWNER TO max;

--
-- Name: account_emailconfirmation_id_seq; Type: SEQUENCE OWNED BY; Schema: public; Owner: max
--

ALTER SEQUENCE public.account_emailconfirmation_id_seq OWNED BY public.account_emailconfirmation.id;


--
-- Name: auth_group; Type: TABLE; Schema: public; Owner: max
--

CREATE TABLE public.auth_group (
    id integer NOT NULL,
    name character varying(80) NOT NULL
);


ALTER TABLE public.auth_group OWNER TO max;

--
-- Name: auth_group_id_seq; Type: SEQUENCE; Schema: public; Owner: max
--

CREATE SEQUENCE public.auth_group_id_seq
    AS integer
    START WITH 1
    INCREMENT BY 1
    NO MINVALUE
    NO MAXVALUE
    CACHE 1;


ALTER TABLE public.auth_group_id_seq OWNER TO max;

--
-- Name: auth_group_id_seq; Type: SEQUENCE OWNED BY; Schema: public; Owner: max
--

ALTER SEQUENCE public.auth_group_id_seq OWNED BY public.auth_group.id;


--
-- Name: auth_group_permissions; Type: TABLE; Schema: public; Owner: max
--

CREATE TABLE public.auth_group_permissions (
    id integer NOT NULL,
    group_id integer NOT NULL,
    permission_id integer NOT NULL
);


ALTER TABLE public.auth_group_permissions OWNER TO max;

--
-- Name: auth_group_permissions_id_seq; Type: SEQUENCE; Schema: public; Owner: max
--

CREATE SEQUENCE public.auth_group_permissions_id_seq
    AS integer
    START WITH 1
    INCREMENT BY 1
    NO MINVALUE
    NO MAXVALUE
    CACHE 1;


ALTER TABLE public.auth_group_permissions_id_seq OWNER TO max;

--
-- Name: auth_group_permissions_id_seq; Type: SEQUENCE OWNED BY; Schema: public; Owner: max
--

ALTER SEQUENCE public.auth_group_permissions_id_seq OWNED BY public.auth_group_permissions.id;


--
-- Name: auth_permission; Type: TABLE; Schema: public; Owner: max
--

CREATE TABLE public.auth_permission (
    id integer NOT NULL,
    name character varying(255) NOT NULL,
    content_type_id integer NOT NULL,
    codename character varying(100) NOT NULL
);


ALTER TABLE public.auth_permission OWNER TO max;

--
-- Name: auth_permission_id_seq; Type: SEQUENCE; Schema: public; Owner: max
--

CREATE SEQUENCE public.auth_permission_id_seq
    AS integer
    START WITH 1
    INCREMENT BY 1
    NO MINVALUE
    NO MAXVALUE
    CACHE 1;


ALTER TABLE public.auth_permission_id_seq OWNER TO max;

--
-- Name: auth_permission_id_seq; Type: SEQUENCE OWNED BY; Schema: public; Owner: max
--

ALTER SEQUENCE public.auth_permission_id_seq OWNED BY public.auth_permission.id;


--
-- Name: authtoken_token; Type: TABLE; Schema: public; Owner: max
--

CREATE TABLE public.authtoken_token (
    key character varying(40) NOT NULL,
    created timestamp with time zone NOT NULL,
    user_id integer NOT NULL
);


ALTER TABLE public.authtoken_token OWNER TO max;

--
-- Name: company_company; Type: TABLE; Schema: public; Owner: max
--

CREATE TABLE public.company_company (
    id integer NOT NULL,
    name character varying(50) NOT NULL,
    license smallint NOT NULL
);


ALTER TABLE public.company_company OWNER TO max;

--
-- Name: company_company_id_seq; Type: SEQUENCE; Schema: public; Owner: max
--

CREATE SEQUENCE public.company_company_id_seq
    AS integer
    START WITH 1
    INCREMENT BY 1
    NO MINVALUE
    NO MAXVALUE
    CACHE 1;


ALTER TABLE public.company_company_id_seq OWNER TO max;

--
-- Name: company_company_id_seq; Type: SEQUENCE OWNED BY; Schema: public; Owner: max
--

ALTER SEQUENCE public.company_company_id_seq OWNED BY public.company_company.id;


--
-- Name: company_contractorcompany; Type: TABLE; Schema: public; Owner: max
--

CREATE TABLE public.company_contractorcompany (
    id integer NOT NULL,
    name character varying(150) NOT NULL,
    parent_id integer
);


ALTER TABLE public.company_contractorcompany OWNER TO max;

--
-- Name: company_contractorcompany_id_seq; Type: SEQUENCE; Schema: public; Owner: max
--

CREATE SEQUENCE public.company_contractorcompany_id_seq
    AS integer
    START WITH 1
    INCREMENT BY 1
    NO MINVALUE
    NO MAXVALUE
    CACHE 1;


ALTER TABLE public.company_contractorcompany_id_seq OWNER TO max;

--
-- Name: company_contractorcompany_id_seq; Type: SEQUENCE OWNED BY; Schema: public; Owner: max
--

ALTER SEQUENCE public.company_contractorcompany_id_seq OWNED BY public.company_contractorcompany.id;


--
-- Name: core_uploadphoto; Type: TABLE; Schema: public; Owner: max
--

CREATE TABLE public.core_uploadphoto (
    id integer NOT NULL,
    file character varying(100) NOT NULL,
    created_at timestamp with time zone NOT NULL,
    owner_id integer,
    report_id integer,
    store_id integer
);


ALTER TABLE public.core_uploadphoto OWNER TO max;

--
-- Name: core_uploadphoto_id_seq; Type: SEQUENCE; Schema: public; Owner: max
--

CREATE SEQUENCE public.core_uploadphoto_id_seq
    AS integer
    START WITH 1
    INCREMENT BY 1
    NO MINVALUE
    NO MAXVALUE
    CACHE 1;


ALTER TABLE public.core_uploadphoto_id_seq OWNER TO max;

--
-- Name: core_uploadphoto_id_seq; Type: SEQUENCE OWNED BY; Schema: public; Owner: max
--

ALTER SEQUENCE public.core_uploadphoto_id_seq OWNED BY public.core_uploadphoto.id;


--
-- Name: django_admin_log; Type: TABLE; Schema: public; Owner: max
--

CREATE TABLE public.django_admin_log (
    id integer NOT NULL,
    action_time timestamp with time zone NOT NULL,
    object_id text,
    object_repr character varying(200) NOT NULL,
    action_flag smallint NOT NULL,
    change_message text NOT NULL,
    content_type_id integer,
    user_id integer NOT NULL,
    CONSTRAINT django_admin_log_action_flag_check CHECK ((action_flag >= 0))
);


ALTER TABLE public.django_admin_log OWNER TO max;

--
-- Name: django_admin_log_id_seq; Type: SEQUENCE; Schema: public; Owner: max
--

CREATE SEQUENCE public.django_admin_log_id_seq
    AS integer
    START WITH 1
    INCREMENT BY 1
    NO MINVALUE
    NO MAXVALUE
    CACHE 1;


ALTER TABLE public.django_admin_log_id_seq OWNER TO max;

--
-- Name: django_admin_log_id_seq; Type: SEQUENCE OWNED BY; Schema: public; Owner: max
--

ALTER SEQUENCE public.django_admin_log_id_seq OWNED BY public.django_admin_log.id;


--
-- Name: django_content_type; Type: TABLE; Schema: public; Owner: max
--

CREATE TABLE public.django_content_type (
    id integer NOT NULL,
    app_label character varying(100) NOT NULL,
    model character varying(100) NOT NULL
);


ALTER TABLE public.django_content_type OWNER TO max;

--
-- Name: django_content_type_id_seq; Type: SEQUENCE; Schema: public; Owner: max
--

CREATE SEQUENCE public.django_content_type_id_seq
    AS integer
    START WITH 1
    INCREMENT BY 1
    NO MINVALUE
    NO MAXVALUE
    CACHE 1;


ALTER TABLE public.django_content_type_id_seq OWNER TO max;

--
-- Name: django_content_type_id_seq; Type: SEQUENCE OWNED BY; Schema: public; Owner: max
--

ALTER SEQUENCE public.django_content_type_id_seq OWNED BY public.django_content_type.id;


--
-- Name: django_migrations; Type: TABLE; Schema: public; Owner: max
--

CREATE TABLE public.django_migrations (
    id integer NOT NULL,
    app character varying(255) NOT NULL,
    name character varying(255) NOT NULL,
    applied timestamp with time zone NOT NULL
);


ALTER TABLE public.django_migrations OWNER TO max;

--
-- Name: django_migrations_id_seq; Type: SEQUENCE; Schema: public; Owner: max
--

CREATE SEQUENCE public.django_migrations_id_seq
    AS integer
    START WITH 1
    INCREMENT BY 1
    NO MINVALUE
    NO MAXVALUE
    CACHE 1;


ALTER TABLE public.django_migrations_id_seq OWNER TO max;

--
-- Name: django_migrations_id_seq; Type: SEQUENCE OWNED BY; Schema: public; Owner: max
--

ALTER SEQUENCE public.django_migrations_id_seq OWNED BY public.django_migrations.id;


--
-- Name: django_session; Type: TABLE; Schema: public; Owner: max
--

CREATE TABLE public.django_session (
    session_key character varying(40) NOT NULL,
    session_data text NOT NULL,
    expire_date timestamp with time zone NOT NULL
);


ALTER TABLE public.django_session OWNER TO max;

--
-- Name: django_site; Type: TABLE; Schema: public; Owner: max
--

CREATE TABLE public.django_site (
    id integer NOT NULL,
    domain character varying(100) NOT NULL,
    name character varying(50) NOT NULL
);


ALTER TABLE public.django_site OWNER TO max;

--
-- Name: django_site_id_seq; Type: SEQUENCE; Schema: public; Owner: max
--

CREATE SEQUENCE public.django_site_id_seq
    AS integer
    START WITH 1
    INCREMENT BY 1
    NO MINVALUE
    NO MAXVALUE
    CACHE 1;


ALTER TABLE public.django_site_id_seq OWNER TO max;

--
-- Name: django_site_id_seq; Type: SEQUENCE OWNED BY; Schema: public; Owner: max
--

ALTER SEQUENCE public.django_site_id_seq OWNED BY public.django_site.id;


--
-- Name: goods_goods; Type: TABLE; Schema: public; Owner: max
--

CREATE TABLE public.goods_goods (
    id integer NOT NULL,
    name character varying(256) NOT NULL,
    image character varying(100) NOT NULL,
    bar_code character varying(100) NOT NULL,
    category smallint NOT NULL
);


ALTER TABLE public.goods_goods OWNER TO max;

--
-- Name: goods_goods_id_seq; Type: SEQUENCE; Schema: public; Owner: max
--

CREATE SEQUENCE public.goods_goods_id_seq
    AS integer
    START WITH 1
    INCREMENT BY 1
    NO MINVALUE
    NO MAXVALUE
    CACHE 1;


ALTER TABLE public.goods_goods_id_seq OWNER TO max;

--
-- Name: goods_goods_id_seq; Type: SEQUENCE OWNED BY; Schema: public; Owner: max
--

ALTER SEQUENCE public.goods_goods_id_seq OWNED BY public.goods_goods.id;


--
-- Name: location_city; Type: TABLE; Schema: public; Owner: max
--

CREATE TABLE public.location_city (
    id integer NOT NULL,
    name character varying(50) NOT NULL
);


ALTER TABLE public.location_city OWNER TO max;

--
-- Name: location_city_id_seq; Type: SEQUENCE; Schema: public; Owner: max
--

CREATE SEQUENCE public.location_city_id_seq
    AS integer
    START WITH 1
    INCREMENT BY 1
    NO MINVALUE
    NO MAXVALUE
    CACHE 1;


ALTER TABLE public.location_city_id_seq OWNER TO max;

--
-- Name: location_city_id_seq; Type: SEQUENCE OWNED BY; Schema: public; Owner: max
--

ALTER SEQUENCE public.location_city_id_seq OWNED BY public.location_city.id;


--
-- Name: location_region; Type: TABLE; Schema: public; Owner: max
--

CREATE TABLE public.location_region (
    id integer NOT NULL,
    region character varying(256) NOT NULL,
    city_id integer NOT NULL
);


ALTER TABLE public.location_region OWNER TO max;

--
-- Name: location_region_id_seq; Type: SEQUENCE; Schema: public; Owner: max
--

CREATE SEQUENCE public.location_region_id_seq
    AS integer
    START WITH 1
    INCREMENT BY 1
    NO MINVALUE
    NO MAXVALUE
    CACHE 1;


ALTER TABLE public.location_region_id_seq OWNER TO max;

--
-- Name: location_region_id_seq; Type: SEQUENCE OWNED BY; Schema: public; Owner: max
--

ALTER SEQUENCE public.location_region_id_seq OWNED BY public.location_region.id;


--
-- Name: location_route; Type: TABLE; Schema: public; Owner: max
--

CREATE TABLE public.location_route (
    id integer NOT NULL,
    created timestamp with time zone NOT NULL,
    agent_id integer NOT NULL,
    route_region_id integer NOT NULL
);


ALTER TABLE public.location_route OWNER TO max;

--
-- Name: location_route_id_seq; Type: SEQUENCE; Schema: public; Owner: max
--

CREATE SEQUENCE public.location_route_id_seq
    AS integer
    START WITH 1
    INCREMENT BY 1
    NO MINVALUE
    NO MAXVALUE
    CACHE 1;


ALTER TABLE public.location_route_id_seq OWNER TO max;

--
-- Name: location_route_id_seq; Type: SEQUENCE OWNED BY; Schema: public; Owner: max
--

ALTER SEQUENCE public.location_route_id_seq OWNED BY public.location_route.id;


--
-- Name: register_registerkey; Type: TABLE; Schema: public; Owner: max
--

CREATE TABLE public.register_registerkey (
    id integer NOT NULL,
    key character varying(256) NOT NULL,
    created timestamp with time zone NOT NULL,
    email character varying(254)
);


ALTER TABLE public.register_registerkey OWNER TO max;

--
-- Name: register_registerkey_id_seq; Type: SEQUENCE; Schema: public; Owner: max
--

CREATE SEQUENCE public.register_registerkey_id_seq
    AS integer
    START WITH 1
    INCREMENT BY 1
    NO MINVALUE
    NO MAXVALUE
    CACHE 1;


ALTER TABLE public.register_registerkey_id_seq OWNER TO max;

--
-- Name: register_registerkey_id_seq; Type: SEQUENCE OWNED BY; Schema: public; Owner: max
--

ALTER SEQUENCE public.register_registerkey_id_seq OWNED BY public.register_registerkey.id;


--
-- Name: report_reportdata; Type: TABLE; Schema: public; Owner: max
--

CREATE TABLE public.report_reportdata (
    id integer NOT NULL,
    name character varying(256) NOT NULL,
    t_start character varying(128) NOT NULL,
    t_finish character varying(128) NOT NULL,
    t_delta character varying(128) NOT NULL,
    assortment_percent smallint,
    created_at timestamp with time zone NOT NULL,
    owner_id integer,
    store_id integer
);


ALTER TABLE public.report_reportdata OWNER TO max;

--
-- Name: report_reportdata_id_seq; Type: SEQUENCE; Schema: public; Owner: max
--

CREATE SEQUENCE public.report_reportdata_id_seq
    AS integer
    START WITH 1
    INCREMENT BY 1
    NO MINVALUE
    NO MAXVALUE
    CACHE 1;


ALTER TABLE public.report_reportdata_id_seq OWNER TO max;

--
-- Name: report_reportdata_id_seq; Type: SEQUENCE OWNED BY; Schema: public; Owner: max
--

ALTER SEQUENCE public.report_reportdata_id_seq OWNED BY public.report_reportdata.id;


--
-- Name: report_reportitem; Type: TABLE; Schema: public; Owner: max
--

CREATE TABLE public.report_reportitem (
    id integer NOT NULL,
    name character varying(256) NOT NULL,
    status boolean NOT NULL,
    report_id integer
);


ALTER TABLE public.report_reportitem OWNER TO max;

--
-- Name: report_reportitem_id_seq; Type: SEQUENCE; Schema: public; Owner: max
--

CREATE SEQUENCE public.report_reportitem_id_seq
    AS integer
    START WITH 1
    INCREMENT BY 1
    NO MINVALUE
    NO MAXVALUE
    CACHE 1;


ALTER TABLE public.report_reportitem_id_seq OWNER TO max;

--
-- Name: report_reportitem_id_seq; Type: SEQUENCE OWNED BY; Schema: public; Owner: max
--

ALTER SEQUENCE public.report_reportitem_id_seq OWNED BY public.report_reportitem.id;


--
-- Name: socialaccount_socialaccount; Type: TABLE; Schema: public; Owner: max
--

CREATE TABLE public.socialaccount_socialaccount (
    id integer NOT NULL,
    provider character varying(30) NOT NULL,
    uid character varying(191) NOT NULL,
    last_login timestamp with time zone NOT NULL,
    date_joined timestamp with time zone NOT NULL,
    extra_data text NOT NULL,
    user_id integer NOT NULL
);


ALTER TABLE public.socialaccount_socialaccount OWNER TO max;

--
-- Name: socialaccount_socialaccount_id_seq; Type: SEQUENCE; Schema: public; Owner: max
--

CREATE SEQUENCE public.socialaccount_socialaccount_id_seq
    AS integer
    START WITH 1
    INCREMENT BY 1
    NO MINVALUE
    NO MAXVALUE
    CACHE 1;


ALTER TABLE public.socialaccount_socialaccount_id_seq OWNER TO max;

--
-- Name: socialaccount_socialaccount_id_seq; Type: SEQUENCE OWNED BY; Schema: public; Owner: max
--

ALTER SEQUENCE public.socialaccount_socialaccount_id_seq OWNED BY public.socialaccount_socialaccount.id;


--
-- Name: socialaccount_socialapp; Type: TABLE; Schema: public; Owner: max
--

CREATE TABLE public.socialaccount_socialapp (
    id integer NOT NULL,
    provider character varying(30) NOT NULL,
    name character varying(40) NOT NULL,
    client_id character varying(191) NOT NULL,
    secret character varying(191) NOT NULL,
    key character varying(191) NOT NULL
);


ALTER TABLE public.socialaccount_socialapp OWNER TO max;

--
-- Name: socialaccount_socialapp_id_seq; Type: SEQUENCE; Schema: public; Owner: max
--

CREATE SEQUENCE public.socialaccount_socialapp_id_seq
    AS integer
    START WITH 1
    INCREMENT BY 1
    NO MINVALUE
    NO MAXVALUE
    CACHE 1;


ALTER TABLE public.socialaccount_socialapp_id_seq OWNER TO max;

--
-- Name: socialaccount_socialapp_id_seq; Type: SEQUENCE OWNED BY; Schema: public; Owner: max
--

ALTER SEQUENCE public.socialaccount_socialapp_id_seq OWNED BY public.socialaccount_socialapp.id;


--
-- Name: socialaccount_socialapp_sites; Type: TABLE; Schema: public; Owner: max
--

CREATE TABLE public.socialaccount_socialapp_sites (
    id integer NOT NULL,
    socialapp_id integer NOT NULL,
    site_id integer NOT NULL
);


ALTER TABLE public.socialaccount_socialapp_sites OWNER TO max;

--
-- Name: socialaccount_socialapp_sites_id_seq; Type: SEQUENCE; Schema: public; Owner: max
--

CREATE SEQUENCE public.socialaccount_socialapp_sites_id_seq
    AS integer
    START WITH 1
    INCREMENT BY 1
    NO MINVALUE
    NO MAXVALUE
    CACHE 1;


ALTER TABLE public.socialaccount_socialapp_sites_id_seq OWNER TO max;

--
-- Name: socialaccount_socialapp_sites_id_seq; Type: SEQUENCE OWNED BY; Schema: public; Owner: max
--

ALTER SEQUENCE public.socialaccount_socialapp_sites_id_seq OWNED BY public.socialaccount_socialapp_sites.id;


--
-- Name: socialaccount_socialtoken; Type: TABLE; Schema: public; Owner: max
--

CREATE TABLE public.socialaccount_socialtoken (
    id integer NOT NULL,
    token text NOT NULL,
    token_secret text NOT NULL,
    expires_at timestamp with time zone,
    account_id integer NOT NULL,
    app_id integer NOT NULL
);


ALTER TABLE public.socialaccount_socialtoken OWNER TO max;

--
-- Name: socialaccount_socialtoken_id_seq; Type: SEQUENCE; Schema: public; Owner: max
--

CREATE SEQUENCE public.socialaccount_socialtoken_id_seq
    AS integer
    START WITH 1
    INCREMENT BY 1
    NO MINVALUE
    NO MAXVALUE
    CACHE 1;


ALTER TABLE public.socialaccount_socialtoken_id_seq OWNER TO max;

--
-- Name: socialaccount_socialtoken_id_seq; Type: SEQUENCE OWNED BY; Schema: public; Owner: max
--

ALTER SEQUENCE public.socialaccount_socialtoken_id_seq OWNED BY public.socialaccount_socialtoken.id;


--
-- Name: store_goodsinstore; Type: TABLE; Schema: public; Owner: max
--

CREATE TABLE public.store_goodsinstore (
    id integer NOT NULL,
    goods_id integer NOT NULL,
    store_id integer NOT NULL
);


ALTER TABLE public.store_goodsinstore OWNER TO max;

--
-- Name: store_goodsinstore_id_seq; Type: SEQUENCE; Schema: public; Owner: max
--

CREATE SEQUENCE public.store_goodsinstore_id_seq
    AS integer
    START WITH 1
    INCREMENT BY 1
    NO MINVALUE
    NO MAXVALUE
    CACHE 1;


ALTER TABLE public.store_goodsinstore_id_seq OWNER TO max;

--
-- Name: store_goodsinstore_id_seq; Type: SEQUENCE OWNED BY; Schema: public; Owner: max
--

ALTER SEQUENCE public.store_goodsinstore_id_seq OWNED BY public.store_goodsinstore.id;


--
-- Name: store_store; Type: TABLE; Schema: public; Owner: max
--

CREATE TABLE public.store_store (
    id integer NOT NULL,
    name character varying(256) NOT NULL,
    address character varying(256) NOT NULL,
    lat double precision,
    lon double precision,
    store_region_id integer
);


ALTER TABLE public.store_store OWNER TO max;

--
-- Name: store_store_id_seq; Type: SEQUENCE; Schema: public; Owner: max
--

CREATE SEQUENCE public.store_store_id_seq
    AS integer
    START WITH 1
    INCREMENT BY 1
    NO MINVALUE
    NO MAXVALUE
    CACHE 1;


ALTER TABLE public.store_store_id_seq OWNER TO max;

--
-- Name: store_store_id_seq; Type: SEQUENCE OWNED BY; Schema: public; Owner: max
--

ALTER SEQUENCE public.store_store_id_seq OWNED BY public.store_store.id;


--
-- Name: user_userprofile; Type: TABLE; Schema: public; Owner: max
--

CREATE TABLE public.user_userprofile (
    id integer NOT NULL,
    password character varying(128) NOT NULL,
    last_login timestamp with time zone,
    is_superuser boolean NOT NULL,
    username character varying(150) NOT NULL,
    first_name character varying(30) NOT NULL,
    last_name character varying(150) NOT NULL,
    email character varying(254) NOT NULL,
    is_staff boolean NOT NULL,
    is_active boolean NOT NULL,
    date_joined timestamp with time zone NOT NULL,
    user_photo character varying(100) NOT NULL,
    phone character varying(50) NOT NULL,
    role smallint,
    company_id integer
);


ALTER TABLE public.user_userprofile OWNER TO max;

--
-- Name: user_userprofile_groups; Type: TABLE; Schema: public; Owner: max
--

CREATE TABLE public.user_userprofile_groups (
    id integer NOT NULL,
    userprofile_id integer NOT NULL,
    group_id integer NOT NULL
);


ALTER TABLE public.user_userprofile_groups OWNER TO max;

--
-- Name: user_userprofile_groups_id_seq; Type: SEQUENCE; Schema: public; Owner: max
--

CREATE SEQUENCE public.user_userprofile_groups_id_seq
    AS integer
    START WITH 1
    INCREMENT BY 1
    NO MINVALUE
    NO MAXVALUE
    CACHE 1;


ALTER TABLE public.user_userprofile_groups_id_seq OWNER TO max;

--
-- Name: user_userprofile_groups_id_seq; Type: SEQUENCE OWNED BY; Schema: public; Owner: max
--

ALTER SEQUENCE public.user_userprofile_groups_id_seq OWNED BY public.user_userprofile_groups.id;


--
-- Name: user_userprofile_id_seq; Type: SEQUENCE; Schema: public; Owner: max
--

CREATE SEQUENCE public.user_userprofile_id_seq
    AS integer
    START WITH 1
    INCREMENT BY 1
    NO MINVALUE
    NO MAXVALUE
    CACHE 1;


ALTER TABLE public.user_userprofile_id_seq OWNER TO max;

--
-- Name: user_userprofile_id_seq; Type: SEQUENCE OWNED BY; Schema: public; Owner: max
--

ALTER SEQUENCE public.user_userprofile_id_seq OWNED BY public.user_userprofile.id;


--
-- Name: user_userprofile_user_permissions; Type: TABLE; Schema: public; Owner: max
--

CREATE TABLE public.user_userprofile_user_permissions (
    id integer NOT NULL,
    userprofile_id integer NOT NULL,
    permission_id integer NOT NULL
);


ALTER TABLE public.user_userprofile_user_permissions OWNER TO max;

--
-- Name: user_userprofile_user_permissions_id_seq; Type: SEQUENCE; Schema: public; Owner: max
--

CREATE SEQUENCE public.user_userprofile_user_permissions_id_seq
    AS integer
    START WITH 1
    INCREMENT BY 1
    NO MINVALUE
    NO MAXVALUE
    CACHE 1;


ALTER TABLE public.user_userprofile_user_permissions_id_seq OWNER TO max;

--
-- Name: user_userprofile_user_permissions_id_seq; Type: SEQUENCE OWNED BY; Schema: public; Owner: max
--

ALTER SEQUENCE public.user_userprofile_user_permissions_id_seq OWNED BY public.user_userprofile_user_permissions.id;


--
-- Name: account_emailaddress id; Type: DEFAULT; Schema: public; Owner: max
--

ALTER TABLE ONLY public.account_emailaddress ALTER COLUMN id SET DEFAULT nextval('public.account_emailaddress_id_seq'::regclass);


--
-- Name: account_emailconfirmation id; Type: DEFAULT; Schema: public; Owner: max
--

ALTER TABLE ONLY public.account_emailconfirmation ALTER COLUMN id SET DEFAULT nextval('public.account_emailconfirmation_id_seq'::regclass);


--
-- Name: auth_group id; Type: DEFAULT; Schema: public; Owner: max
--

ALTER TABLE ONLY public.auth_group ALTER COLUMN id SET DEFAULT nextval('public.auth_group_id_seq'::regclass);


--
-- Name: auth_group_permissions id; Type: DEFAULT; Schema: public; Owner: max
--

ALTER TABLE ONLY public.auth_group_permissions ALTER COLUMN id SET DEFAULT nextval('public.auth_group_permissions_id_seq'::regclass);


--
-- Name: auth_permission id; Type: DEFAULT; Schema: public; Owner: max
--

ALTER TABLE ONLY public.auth_permission ALTER COLUMN id SET DEFAULT nextval('public.auth_permission_id_seq'::regclass);


--
-- Name: company_company id; Type: DEFAULT; Schema: public; Owner: max
--

ALTER TABLE ONLY public.company_company ALTER COLUMN id SET DEFAULT nextval('public.company_company_id_seq'::regclass);


--
-- Name: company_contractorcompany id; Type: DEFAULT; Schema: public; Owner: max
--

ALTER TABLE ONLY public.company_contractorcompany ALTER COLUMN id SET DEFAULT nextval('public.company_contractorcompany_id_seq'::regclass);


--
-- Name: core_uploadphoto id; Type: DEFAULT; Schema: public; Owner: max
--

ALTER TABLE ONLY public.core_uploadphoto ALTER COLUMN id SET DEFAULT nextval('public.core_uploadphoto_id_seq'::regclass);


--
-- Name: django_admin_log id; Type: DEFAULT; Schema: public; Owner: max
--

ALTER TABLE ONLY public.django_admin_log ALTER COLUMN id SET DEFAULT nextval('public.django_admin_log_id_seq'::regclass);


--
-- Name: django_content_type id; Type: DEFAULT; Schema: public; Owner: max
--

ALTER TABLE ONLY public.django_content_type ALTER COLUMN id SET DEFAULT nextval('public.django_content_type_id_seq'::regclass);


--
-- Name: django_migrations id; Type: DEFAULT; Schema: public; Owner: max
--

ALTER TABLE ONLY public.django_migrations ALTER COLUMN id SET DEFAULT nextval('public.django_migrations_id_seq'::regclass);


--
-- Name: django_site id; Type: DEFAULT; Schema: public; Owner: max
--

ALTER TABLE ONLY public.django_site ALTER COLUMN id SET DEFAULT nextval('public.django_site_id_seq'::regclass);


--
-- Name: goods_goods id; Type: DEFAULT; Schema: public; Owner: max
--

ALTER TABLE ONLY public.goods_goods ALTER COLUMN id SET DEFAULT nextval('public.goods_goods_id_seq'::regclass);


--
-- Name: location_city id; Type: DEFAULT; Schema: public; Owner: max
--

ALTER TABLE ONLY public.location_city ALTER COLUMN id SET DEFAULT nextval('public.location_city_id_seq'::regclass);


--
-- Name: location_region id; Type: DEFAULT; Schema: public; Owner: max
--

ALTER TABLE ONLY public.location_region ALTER COLUMN id SET DEFAULT nextval('public.location_region_id_seq'::regclass);


--
-- Name: location_route id; Type: DEFAULT; Schema: public; Owner: max
--

ALTER TABLE ONLY public.location_route ALTER COLUMN id SET DEFAULT nextval('public.location_route_id_seq'::regclass);


--
-- Name: register_registerkey id; Type: DEFAULT; Schema: public; Owner: max
--

ALTER TABLE ONLY public.register_registerkey ALTER COLUMN id SET DEFAULT nextval('public.register_registerkey_id_seq'::regclass);


--
-- Name: report_reportdata id; Type: DEFAULT; Schema: public; Owner: max
--

ALTER TABLE ONLY public.report_reportdata ALTER COLUMN id SET DEFAULT nextval('public.report_reportdata_id_seq'::regclass);


--
-- Name: report_reportitem id; Type: DEFAULT; Schema: public; Owner: max
--

ALTER TABLE ONLY public.report_reportitem ALTER COLUMN id SET DEFAULT nextval('public.report_reportitem_id_seq'::regclass);


--
-- Name: socialaccount_socialaccount id; Type: DEFAULT; Schema: public; Owner: max
--

ALTER TABLE ONLY public.socialaccount_socialaccount ALTER COLUMN id SET DEFAULT nextval('public.socialaccount_socialaccount_id_seq'::regclass);


--
-- Name: socialaccount_socialapp id; Type: DEFAULT; Schema: public; Owner: max
--

ALTER TABLE ONLY public.socialaccount_socialapp ALTER COLUMN id SET DEFAULT nextval('public.socialaccount_socialapp_id_seq'::regclass);


--
-- Name: socialaccount_socialapp_sites id; Type: DEFAULT; Schema: public; Owner: max
--

ALTER TABLE ONLY public.socialaccount_socialapp_sites ALTER COLUMN id SET DEFAULT nextval('public.socialaccount_socialapp_sites_id_seq'::regclass);


--
-- Name: socialaccount_socialtoken id; Type: DEFAULT; Schema: public; Owner: max
--

ALTER TABLE ONLY public.socialaccount_socialtoken ALTER COLUMN id SET DEFAULT nextval('public.socialaccount_socialtoken_id_seq'::regclass);


--
-- Name: store_goodsinstore id; Type: DEFAULT; Schema: public; Owner: max
--

ALTER TABLE ONLY public.store_goodsinstore ALTER COLUMN id SET DEFAULT nextval('public.store_goodsinstore_id_seq'::regclass);


--
-- Name: store_store id; Type: DEFAULT; Schema: public; Owner: max
--

ALTER TABLE ONLY public.store_store ALTER COLUMN id SET DEFAULT nextval('public.store_store_id_seq'::regclass);


--
-- Name: user_userprofile id; Type: DEFAULT; Schema: public; Owner: max
--

ALTER TABLE ONLY public.user_userprofile ALTER COLUMN id SET DEFAULT nextval('public.user_userprofile_id_seq'::regclass);


--
-- Name: user_userprofile_groups id; Type: DEFAULT; Schema: public; Owner: max
--

ALTER TABLE ONLY public.user_userprofile_groups ALTER COLUMN id SET DEFAULT nextval('public.user_userprofile_groups_id_seq'::regclass);


--
-- Name: user_userprofile_user_permissions id; Type: DEFAULT; Schema: public; Owner: max
--

ALTER TABLE ONLY public.user_userprofile_user_permissions ALTER COLUMN id SET DEFAULT nextval('public.user_userprofile_user_permissions_id_seq'::regclass);


--
-- Data for Name: account_emailaddress; Type: TABLE DATA; Schema: public; Owner: max
--

COPY public.account_emailaddress (id, email, verified, "primary", user_id) FROM stdin;
\.


--
-- Data for Name: account_emailconfirmation; Type: TABLE DATA; Schema: public; Owner: max
--

COPY public.account_emailconfirmation (id, created, sent, key, email_address_id) FROM stdin;
\.


--
-- Data for Name: auth_group; Type: TABLE DATA; Schema: public; Owner: max
--

COPY public.auth_group (id, name) FROM stdin;
\.


--
-- Data for Name: auth_group_permissions; Type: TABLE DATA; Schema: public; Owner: max
--

COPY public.auth_group_permissions (id, group_id, permission_id) FROM stdin;
\.


--
-- Data for Name: auth_permission; Type: TABLE DATA; Schema: public; Owner: max
--

COPY public.auth_permission (id, name, content_type_id, codename) FROM stdin;
1	Can add log entry	1	add_logentry
2	Can change log entry	1	change_logentry
3	Can delete log entry	1	delete_logentry
4	Can view log entry	1	view_logentry
5	Can add permission	2	add_permission
6	Can change permission	2	change_permission
7	Can delete permission	2	delete_permission
8	Can view permission	2	view_permission
9	Can add group	3	add_group
10	Can change group	3	change_group
11	Can delete group	3	delete_group
12	Can view group	3	view_group
13	Can add content type	4	add_contenttype
14	Can change content type	4	change_contenttype
15	Can delete content type	4	delete_contenttype
16	Can view content type	4	view_contenttype
17	Can add session	5	add_session
18	Can change session	5	change_session
19	Can delete session	5	delete_session
20	Can view session	5	view_session
21	Can add site	6	add_site
22	Can change site	6	change_site
23	Can delete site	6	delete_site
24	Can view site	6	view_site
25	Can add Token	7	add_token
26	Can change Token	7	change_token
27	Can delete Token	7	delete_token
28	Can view Token	7	view_token
29	Can add email address	8	add_emailaddress
30	Can change email address	8	change_emailaddress
31	Can delete email address	8	delete_emailaddress
32	Can view email address	8	view_emailaddress
33	Can add email confirmation	9	add_emailconfirmation
34	Can change email confirmation	9	change_emailconfirmation
35	Can delete email confirmation	9	delete_emailconfirmation
36	Can view email confirmation	9	view_emailconfirmation
37	Can add social account	10	add_socialaccount
38	Can change social account	10	change_socialaccount
39	Can delete social account	10	delete_socialaccount
40	Can view social account	10	view_socialaccount
41	Can add social application	11	add_socialapp
42	Can change social application	11	change_socialapp
43	Can delete social application	11	delete_socialapp
44	Can view social application	11	view_socialapp
45	Can add social application token	12	add_socialtoken
46	Can change social application token	12	change_socialtoken
47	Can delete social application token	12	delete_socialtoken
48	Can view social application token	12	view_socialtoken
49	Can add Завантажене фото	13	add_uploadphoto
50	Can change Завантажене фото	13	change_uploadphoto
51	Can delete Завантажене фото	13	delete_uploadphoto
52	Can view Завантажене фото	13	view_uploadphoto
53	Can add Користувач	14	add_userprofile
54	Can change Користувач	14	change_userprofile
55	Can delete Користувач	14	delete_userprofile
56	Can view Користувач	14	view_userprofile
57	Can add Група	3	add_usergroup
58	Can change Група	3	change_usergroup
59	Can delete Група	3	delete_usergroup
60	Can view Група	3	view_usergroup
61	Can add Торгова точка - Товар	16	add_goodsinstore
62	Can change Торгова точка - Товар	16	change_goodsinstore
63	Can delete Торгова точка - Товар	16	delete_goodsinstore
64	Can view Торгова точка - Товар	16	view_goodsinstore
65	Can add Торгова точка	17	add_store
66	Can change Торгова точка	17	change_store
67	Can delete Торгова точка	17	delete_store
68	Can view Торгова точка	17	view_store
69	Can add Товар	18	add_goods
70	Can change Товар	18	change_goods
71	Can delete Товар	18	delete_goods
72	Can view Товар	18	view_goods
73	Can add Звіт	19	add_reportdata
74	Can change Звіт	19	change_reportdata
75	Can delete Звіт	19	delete_reportdata
76	Can view Звіт	19	view_reportdata
77	Can add Товар - Звіт	20	add_reportitem
78	Can change Товар - Звіт	20	change_reportitem
79	Can delete Товар - Звіт	20	delete_reportitem
80	Can view Товар - Звіт	20	view_reportitem
81	Can add Підриємство	21	add_company
82	Can change Підриємство	21	change_company
83	Can delete Підриємство	21	delete_company
84	Can view Підриємство	21	view_company
85	Can add Контрагент	22	add_contractorcompany
86	Can change Контрагент	22	change_contractorcompany
87	Can delete Контрагент	22	delete_contractorcompany
88	Can view Контрагент	22	view_contractorcompany
89	Can add Місто	23	add_city
90	Can change Місто	23	change_city
91	Can delete Місто	23	delete_city
92	Can view Місто	23	view_city
93	Can add Район	24	add_region
94	Can change Район	24	change_region
95	Can delete Район	24	delete_region
96	Can view Район	24	view_region
97	Can add Маршрут	25	add_route
98	Can change Маршрут	25	change_route
99	Can delete Маршрут	25	delete_route
100	Can view Маршрут	25	view_route
101	Can add Ключ Реєстраці	26	add_registerkey
102	Can change Ключ Реєстраці	26	change_registerkey
103	Can delete Ключ Реєстраці	26	delete_registerkey
104	Can view Ключ Реєстраці	26	view_registerkey
\.


--
-- Data for Name: authtoken_token; Type: TABLE DATA; Schema: public; Owner: max
--

COPY public.authtoken_token (key, created, user_id) FROM stdin;
\.


--
-- Data for Name: company_company; Type: TABLE DATA; Schema: public; Owner: max
--

COPY public.company_company (id, name, license) FROM stdin;
1	Рудь	1
\.


--
-- Data for Name: company_contractorcompany; Type: TABLE DATA; Schema: public; Owner: max
--

COPY public.company_contractorcompany (id, name, parent_id) FROM stdin;
1	Полісся	1
2	КиївМенеджмент	1
\.


--
-- Data for Name: core_uploadphoto; Type: TABLE DATA; Schema: public; Owner: max
--

COPY public.core_uploadphoto (id, file, created_at, owner_id, report_id, store_id) FROM stdin;
1	uploads/test.jpg	2018-12-18 14:22:01+02	1	27	1
2	uploads/super.jpg	2018-12-18 14:22:32+02	1	27	1
3	uploads/14348378985753_4.jpeg	2018-12-23 00:13:31.17+02	4	\N	\N
4	uploads/18736883538982_4.jpeg	2018-12-23 00:13:31.35+02	4	\N	\N
5	uploads/18737326279636_4.jpeg	2018-12-23 00:13:31.468+02	4	\N	\N
6	uploads/19192052699245_4.jpeg	2018-12-23 00:19:06+02	4	28	4
7	uploads/19194248293474_4.jpeg	2018-12-23 00:19:06+02	4	28	4
8	uploads/19405079292972_4.jpeg	2018-12-23 00:29:50.511+02	4	29	\N
9	uploads/19415299102926_4.jpeg	2018-12-23 00:29:50.63+02	4	29	\N
10	uploads/19879794031241_4.jpeg	2018-12-23 00:32:19.151+02	4	30	\N
11	uploads/19904900530723_4.jpeg	2018-12-23 00:32:19.277+02	4	30	\N
12	uploads/19961227490228_4.jpeg	2018-12-23 00:32:19.383+02	4	30	\N
13	uploads/19989690033093_4.jpeg	2018-12-23 00:32:19.517+02	4	30	\N
\.


--
-- Data for Name: django_admin_log; Type: TABLE DATA; Schema: public; Owner: max
--

COPY public.django_admin_log (id, action_time, object_id, object_repr, action_flag, change_message, content_type_id, user_id) FROM stdin;
1	2018-12-06 10:17:44.476+02	1	Золотий Ключик	1	[{"added": {}}]	18	1
2	2018-12-06 10:18:00.042+02	2	Супер Шоколад	1	[{"added": {}}]	18	1
3	2018-12-06 10:18:15.114+02	3	Пломбір	1	[{"added": {}}]	18	1
4	2018-12-06 10:18:51.836+02	2	vitaliy	1	[{"added": {}}]	14	1
5	2018-12-06 10:20:01.168+02	2	vitaliy	2	[{"changed": {"fields": ["first_name", "last_name", "role"]}}]	14	1
6	2018-12-06 10:20:27.742+02	3	artem	1	[{"added": {}}]	14	1
7	2018-12-06 10:20:43.703+02	3	artem	2	[{"changed": {"fields": ["first_name", "last_name", "role"]}}]	14	1
8	2018-12-06 10:21:06.005+02	1	Київ	1	[{"added": {}}]	23	1
9	2018-12-06 10:21:12.377+02	2	Житомир	1	[{"added": {}}]	23	1
10	2018-12-06 10:21:27.655+02	1	Київ, Голосіївський	1	[{"added": {}}]	24	1
11	2018-12-06 10:21:38.031+02	2	Житомир, Богунський	1	[{"added": {}}]	24	1
12	2018-12-06 10:21:47.847+02	1	artem - Київ, Голосіївський	1	[{"added": {}}]	25	1
13	2018-12-06 10:21:56.397+02	2	vitaliy - Житомир, Богунський	1	[{"added": {}}]	25	1
14	2018-12-06 10:22:26.811+02	1	admin	2	[{"changed": {"fields": ["first_name", "last_name", "role"]}}]	14	1
15	2018-12-06 10:24:24.523+02	1	Billa  вул. Київська	1	[{"added": {}}, {"added": {"name": "\\u0422\\u043e\\u0440\\u0433\\u043e\\u0432\\u0430 \\u0442\\u043e\\u0447\\u043a\\u0430 - \\u0422\\u043e\\u0432\\u0430\\u0440", "object": "\\u0417\\u043e\\u043b\\u043e\\u0442\\u0438\\u0439 \\u041a\\u043b\\u044e\\u0447\\u0438\\u043a - Billa  \\u0432\\u0443\\u043b. \\u041a\\u0438\\u0457\\u0432\\u0441\\u044c\\u043a\\u0430"}}, {"added": {"name": "\\u0422\\u043e\\u0440\\u0433\\u043e\\u0432\\u0430 \\u0442\\u043e\\u0447\\u043a\\u0430 - \\u0422\\u043e\\u0432\\u0430\\u0440", "object": "\\u0421\\u0443\\u043f\\u0435\\u0440 \\u0428\\u043e\\u043a\\u043e\\u043b\\u0430\\u0434 - Billa  \\u0432\\u0443\\u043b. \\u041a\\u0438\\u0457\\u0432\\u0441\\u044c\\u043a\\u0430"}}]	17	1
16	2018-12-06 10:24:48.645+02	2	ATB  вул. Київська 56	1	[{"added": {}}]	17	1
17	2018-12-06 10:24:55.504+02	1	Billa  вул. Київська 25	2	[{"changed": {"fields": ["address"]}}]	17	1
18	2018-12-06 10:25:06.145+02	2	ATB  вул. Київська 56	2	[{"added": {"name": "\\u0422\\u043e\\u0440\\u0433\\u043e\\u0432\\u0430 \\u0442\\u043e\\u0447\\u043a\\u0430 - \\u0422\\u043e\\u0432\\u0430\\u0440", "object": "\\u041f\\u043b\\u043e\\u043c\\u0431\\u0456\\u0440 - ATB  \\u0432\\u0443\\u043b. \\u041a\\u0438\\u0457\\u0432\\u0441\\u044c\\u043a\\u0430 56"}}, {"added": {"name": "\\u0422\\u043e\\u0440\\u0433\\u043e\\u0432\\u0430 \\u0442\\u043e\\u0447\\u043a\\u0430 - \\u0422\\u043e\\u0432\\u0430\\u0440", "object": "\\u0417\\u043e\\u043b\\u043e\\u0442\\u0438\\u0439 \\u041a\\u043b\\u044e\\u0447\\u0438\\u043a - ATB  \\u0432\\u0443\\u043b. \\u041a\\u0438\\u0457\\u0432\\u0441\\u044c\\u043a\\u0430 56"}}]	17	1
19	2018-12-06 10:25:29.388+02	3	Ашан  вул. Покровська 89	1	[{"added": {}}, {"added": {"name": "\\u0422\\u043e\\u0440\\u0433\\u043e\\u0432\\u0430 \\u0442\\u043e\\u0447\\u043a\\u0430 - \\u0422\\u043e\\u0432\\u0430\\u0440", "object": "\\u0417\\u043e\\u043b\\u043e\\u0442\\u0438\\u0439 \\u041a\\u043b\\u044e\\u0447\\u0438\\u043a - \\u0410\\u0448\\u0430\\u043d  \\u0432\\u0443\\u043b. \\u041f\\u043e\\u043a\\u0440\\u043e\\u0432\\u0441\\u044c\\u043a\\u0430 89"}}, {"added": {"name": "\\u0422\\u043e\\u0440\\u0433\\u043e\\u0432\\u0430 \\u0442\\u043e\\u0447\\u043a\\u0430 - \\u0422\\u043e\\u0432\\u0430\\u0440", "object": "\\u0421\\u0443\\u043f\\u0435\\u0440 \\u0428\\u043e\\u043a\\u043e\\u043b\\u0430\\u0434 - \\u0410\\u0448\\u0430\\u043d  \\u0432\\u0443\\u043b. \\u041f\\u043e\\u043a\\u0440\\u043e\\u0432\\u0441\\u044c\\u043a\\u0430 89"}}, {"added": {"name": "\\u0422\\u043e\\u0440\\u0433\\u043e\\u0432\\u0430 \\u0442\\u043e\\u0447\\u043a\\u0430 - \\u0422\\u043e\\u0432\\u0430\\u0440", "object": "\\u041f\\u043b\\u043e\\u043c\\u0431\\u0456\\u0440 - \\u0410\\u0448\\u0430\\u043d  \\u0432\\u0443\\u043b. \\u041f\\u043e\\u043a\\u0440\\u043e\\u0432\\u0441\\u044c\\u043a\\u0430 89"}}]	17	1
20	2018-12-11 12:24:46.234+02	3	Київ, Васильківський	1	[{"added": {}}]	24	1
21	2018-12-11 12:25:00.417+02	3	admin - Київ, Васильківський	1	[{"added": {}}]	25	1
22	2018-12-14 17:56:16.384+02	10	UploadPhoto object (10)	3		13	1
23	2018-12-14 17:56:16.506+02	9	UploadPhoto object (9)	3		13	1
24	2018-12-14 17:56:16.606+02	8	UploadPhoto object (8)	3		13	1
25	2018-12-14 17:56:16.695+02	7	UploadPhoto object (7)	3		13	1
26	2018-12-14 17:56:16.806+02	6	UploadPhoto object (6)	3		13	1
27	2018-12-14 17:56:16.894+02	5	UploadPhoto object (5)	3		13	1
28	2018-12-14 17:56:17.006+02	4	UploadPhoto object (4)	3		13	1
29	2018-12-14 17:56:17.095+02	3	UploadPhoto object (3)	3		13	1
30	2018-12-14 17:56:17.183+02	2	UploadPhoto object (2)	3		13	1
31	2018-12-14 17:56:17.283+02	1	UploadPhoto object (1)	3		13	1
32	2018-12-14 18:17:16.874+02	12	UploadPhoto object (12)	3		13	1
33	2018-12-14 18:17:16.992+02	11	UploadPhoto object (11)	3		13	1
34	2018-12-14 18:18:58.036+02	3	Пломбір	2	[{"changed": {"fields": ["image"]}}]	18	1
35	2018-12-14 18:19:06.227+02	2	Супер Шоколад	2	[{"changed": {"fields": ["image"]}}]	18	1
36	2018-12-14 18:19:14.791+02	1	Золотий Ключик	2	[{"changed": {"fields": ["image"]}}]	18	1
37	2018-12-18 13:06:14.318+02	33	UploadPhoto object (33)	3		13	1
38	2018-12-18 13:06:14.458+02	32	UploadPhoto object (32)	3		13	1
39	2018-12-18 13:06:14.535+02	31	UploadPhoto object (31)	3		13	1
40	2018-12-18 13:06:14.616+02	30	UploadPhoto object (30)	3		13	1
41	2018-12-18 13:06:14.724+02	29	UploadPhoto object (29)	3		13	1
42	2018-12-18 13:06:14.802+02	28	UploadPhoto object (28)	3		13	1
43	2018-12-18 13:06:14.868+02	27	UploadPhoto object (27)	3		13	1
44	2018-12-18 13:06:14.935+02	26	UploadPhoto object (26)	3		13	1
45	2018-12-18 13:06:15.024+02	25	UploadPhoto object (25)	3		13	1
46	2018-12-18 13:06:15.113+02	24	UploadPhoto object (24)	3		13	1
47	2018-12-18 13:06:15.257+02	23	UploadPhoto object (23)	3		13	1
48	2018-12-18 13:06:15.335+02	22	UploadPhoto object (22)	3		13	1
49	2018-12-18 13:06:15.424+02	21	UploadPhoto object (21)	3		13	1
50	2018-12-18 13:06:15.502+02	20	UploadPhoto object (20)	3		13	1
51	2018-12-18 13:06:15.602+02	19	UploadPhoto object (19)	3		13	1
52	2018-12-18 13:06:15.691+02	18	UploadPhoto object (18)	3		13	1
53	2018-12-18 13:06:15.78+02	17	UploadPhoto object (17)	3		13	1
54	2018-12-18 13:06:15.891+02	16	UploadPhoto object (16)	3		13	1
55	2018-12-18 13:06:15.969+02	15	UploadPhoto object (15)	3		13	1
56	2018-12-18 13:06:16.046+02	14	UploadPhoto object (14)	3		13	1
57	2018-12-18 13:06:16.146+02	13	UploadPhoto object (13)	3		13	1
58	2018-12-18 13:06:38.664+02	8	wmed2tbcZ9	3		19	1
59	2018-12-18 13:06:38.883+02	7	i08BlQAbz4	3		19	1
60	2018-12-18 13:06:38.983+02	6	P5zvc0XH1Z	3		19	1
61	2018-12-18 13:06:39.061+02	5	acdfMKJFy9	3		19	1
62	2018-12-18 13:06:39.161+02	4	17gGNdzsmi	3		19	1
63	2018-12-18 13:06:39.239+02	3	9heJf71Xp7	3		19	1
64	2018-12-18 13:06:39.338+02	2	zZxapX2ZfZ	3		19	1
65	2018-12-18 13:06:39.461+02	1	gpAR6VF2X5	3		19	1
66	2018-12-18 13:23:01.649+02	1	UploadPhoto object (1)	1	[{"added": {}}]	13	1
67	2018-12-18 13:23:11.07+02	2	UploadPhoto object (2)	1	[{"added": {}}]	13	1
68	2018-12-18 13:35:34.712+02	13	pieyWlmjDw	3		19	1
69	2018-12-18 13:35:34.793+02	12	rG82HEUhDN	3		19	1
70	2018-12-18 13:35:34.926+02	11	lRNYypFxVj	3		19	1
71	2018-12-18 13:35:35.026+02	10	dtR4DsdLy1	3		19	1
72	2018-12-18 13:35:35.104+02	9	m6kwUYsVtV	3		19	1
73	2018-12-18 13:37:30.031+02	14	b5vStRi5O0	2	[{"changed": {"name": "\\u0417\\u0430\\u0432\\u0430\\u043d\\u0442\\u0430\\u0436\\u0435\\u043d\\u0435 \\u0444\\u043e\\u0442\\u043e", "object": "UploadPhoto object (1)", "fields": ["store"]}}, {"changed": {"name": "\\u0417\\u0430\\u0432\\u0430\\u043d\\u0442\\u0430\\u0436\\u0435\\u043d\\u0435 \\u0444\\u043e\\u0442\\u043e", "object": "UploadPhoto object (2)", "fields": ["owner"]}}]	19	1
74	2018-12-18 13:52:26.924+02	15	aOUjw1aL3v	3		19	1
75	2018-12-18 13:52:27.031+02	14	b5vStRi5O0	3		19	1
76	2018-12-18 14:15:23.156+02	3	UploadPhoto object (3)	1	[{"added": {}}]	13	1
77	2018-12-18 14:15:33.128+02	4	UploadPhoto object (4)	1	[{"added": {}}]	13	1
78	2018-12-18 14:17:42.261+02	16	DA6ihYuHv0	3		19	1
79	2018-12-18 14:19:09.815+02	17	wSiPbd2hzp	3		19	1
80	2018-12-18 14:19:18.885+02	4	UploadPhoto object (4)	3		13	1
81	2018-12-18 14:19:18.981+02	3	UploadPhoto object (3)	3		13	1
82	2018-12-18 14:22:09.693+02	1	UploadPhoto object (1)	1	[{"added": {}}]	13	1
83	2018-12-18 14:22:45.674+02	2	UploadPhoto object (2)	1	[{"added": {}}]	13	1
84	2018-12-18 14:23:15.792+02	3	Пломбір	2	[{"changed": {"fields": ["image"]}}]	18	1
85	2018-12-18 14:23:20.951+02	2	Супер Шоколад	2	[{"changed": {"fields": ["image"]}}]	18	1
86	2018-12-18 14:23:30.598+02	1	Золотий Ключик	2	[{"changed": {"fields": ["image"]}}]	18	1
87	2018-12-18 14:25:38.003+02	18	F57IrRjaQI	3		19	1
88	2018-12-18 14:26:10.937+02	19	l6LGdke2ax	3		19	1
89	2018-12-18 14:27:46.754+02	20	rreport_Ireport_jreport_Areport_Ireport_U	3		19	1
90	2018-12-18 14:29:00.722+02	21	xreport_ureport_hreport_hreport_Dreport_q	3		19	1
91	2018-12-18 14:48:56.629+02	22	report_oIuE4e	2	[{"changed": {"fields": ["created_at"]}}]	19	1
92	2018-12-18 14:52:09.693+02	22	report_oIuE4e	2	[{"changed": {"fields": ["created_at"]}}]	19	1
93	2018-12-18 16:39:24.505+02	1	Рудь	1	[{"added": {}}, {"added": {"name": "\\u041a\\u043e\\u043d\\u0442\\u0440\\u0430\\u0433\\u0435\\u043d\\u0442", "object": "\\u041f\\u043e\\u043b\\u0456\\u0441\\u0441\\u044f (\\u0420\\u0443\\u0434\\u044c)"}}, {"added": {"name": "\\u041a\\u043e\\u043d\\u0442\\u0440\\u0430\\u0433\\u0435\\u043d\\u0442", "object": "\\u041a\\u0438\\u0457\\u0432\\u041c\\u0435\\u043d\\u0435\\u0434\\u0436\\u043c\\u0435\\u043d\\u0442 (\\u0420\\u0443\\u0434\\u044c)"}}]	21	1
94	2018-12-18 16:50:29.698+02	3	artem	2	[{"changed": {"fields": ["password"]}}]	14	1
95	2018-12-18 16:50:45.65+02	2	vitaliy	2	[{"changed": {"fields": ["password"]}}]	14	1
96	2018-12-18 16:51:09.205+02	3	artem	2	[{"changed": {"fields": ["company", "role"]}}]	14	1
97	2018-12-18 16:51:19.05+02	2	vitaliy	2	[{"changed": {"fields": ["company", "role"]}}]	14	1
98	2018-12-18 16:51:57.58+02	4	glograni	1	[{"added": {}}]	14	1
99	2018-12-18 16:52:03.93+02	4	glograni	2	[]	14	1
100	2018-12-18 16:52:16.049+02	5	rackbart	1	[{"added": {}}]	14	1
101	2018-12-18 16:52:20.957+02	5	rackbart	2	[]	14	1
102	2018-12-18 16:52:34.163+02	6	torthear	1	[{"added": {}}]	14	1
103	2018-12-18 16:52:38.666+02	6	torthear	2	[]	14	1
104	2018-12-18 16:52:48.132+02	7	cabloque	1	[{"added": {}}]	14	1
105	2018-12-18 16:52:58.085+02	7	cabloque	2	[]	14	1
106	2018-12-18 16:53:06.152+02	8	matinght	1	[{"added": {}}]	14	1
107	2018-12-18 16:53:08.911+02	8	matinght	2	[]	14	1
108	2018-12-18 16:53:26.398+02	9	orkenate	1	[{"added": {}}]	14	1
109	2018-12-18 16:54:44.931+02	9	orkenate	2	[{"changed": {"fields": ["first_name", "last_name"]}}]	14	1
110	2018-12-18 16:54:59.661+02	7	cabloque	2	[{"changed": {"fields": ["first_name", "last_name"]}}]	14	1
111	2018-12-18 16:55:12.068+02	4	glograni	2	[{"changed": {"fields": ["first_name", "last_name"]}}]	14	1
112	2018-12-18 16:55:28.183+02	8	matinght	2	[{"changed": {"fields": ["first_name", "last_name"]}}]	14	1
113	2018-12-18 16:55:42.253+02	5	rackbart	2	[{"changed": {"fields": ["first_name", "last_name"]}}]	14	1
114	2018-12-18 16:55:59.941+02	6	torthear	2	[{"changed": {"fields": ["first_name", "last_name"]}}]	14	1
115	2018-12-18 16:56:18.938+02	7	cabloque	2	[{"changed": {"fields": ["company", "role"]}}]	14	1
116	2018-12-18 16:56:27.856+02	4	glograni	2	[{"changed": {"fields": ["company", "role"]}}]	14	1
117	2018-12-18 16:56:36.656+02	8	matinght	2	[{"changed": {"fields": ["company", "role"]}}]	14	1
118	2018-12-18 16:56:49.008+02	9	orkenate	2	[{"changed": {"fields": ["company", "role"]}}]	14	1
119	2018-12-18 16:57:01.861+02	5	rackbart	2	[{"changed": {"fields": ["company", "role"]}}]	14	1
120	2018-12-18 16:57:15.554+02	6	torthear	2	[{"changed": {"fields": ["company", "role"]}}]	14	1
121	2018-12-18 17:06:06.458+02	22	report_oIuE4e	2	[{"changed": {"fields": ["owner"]}}]	19	1
122	2018-12-18 17:06:27.854+02	22	report_oIuE4e	2	[{"changed": {"fields": ["owner"]}}]	19	1
123	2018-12-18 17:07:13.86+02	22	report_oIuE4e	2	[{"changed": {"fields": ["created_at"]}}]	19	1
124	2018-12-19 17:01:37.616+02	4	Житомир, Крошенський	1	[{"added": {}}]	24	1
125	2018-12-19 17:01:45.401+02	5	Житомир, Корбутівка	1	[{"added": {}}]	24	1
126	2018-12-19 17:01:54.673+02	6	Київ, Подол	1	[{"added": {}}]	24	1
127	2018-12-19 17:07:45.95+02	3	rackbart - Київ, Голосіївський	2	[{"changed": {"fields": ["agent", "route_region"]}}]	25	1
128	2018-12-19 17:08:01.75+02	2	glograni - Житомир, Богунський	2	[{"changed": {"fields": ["agent"]}}]	25	1
129	2018-12-19 17:08:14.687+02	1	torthear - Київ, Голосіївський	2	[{"changed": {"fields": ["agent"]}}]	25	1
130	2018-12-19 17:08:37.528+02	4	orkenate - Київ, Подол	1	[{"added": {}}]	25	1
131	2018-12-19 17:08:57.517+02	5	cabloque - Житомир, Крошенський	1	[{"added": {}}]	25	1
132	2018-12-19 17:09:10.197+02	6	matinght - Житомир, Корбутівка	1	[{"added": {}}]	25	1
133	2018-12-19 19:22:18.462+02	27	report_USfSi9	2	[{"changed": {"fields": ["assortment_percent"]}}, {"changed": {"name": "\\u0422\\u043e\\u0432\\u0430\\u0440 - \\u0417\\u0432\\u0456\\u0442", "object": "\\u0421\\u0443\\u043f\\u0435\\u0440 \\u0428\\u043e\\u043a\\u043e\\u043b\\u0430\\u0434", "fields": ["status"]}}]	19	1
134	2018-12-19 19:22:35.349+02	22	report_oIuE4e	2	[{"changed": {"fields": ["assortment_percent"]}}, {"changed": {"name": "\\u0422\\u043e\\u0432\\u0430\\u0440 - \\u0417\\u0432\\u0456\\u0442", "object": "\\u0417\\u043e\\u043b\\u043e\\u0442\\u0438\\u0439 \\u041a\\u043b\\u044e\\u0447\\u0438\\u043a", "fields": ["status"]}}]	19	1
135	2018-12-20 17:16:14.144+02	1	Billa  вул. Київська 25	2	[{"changed": {"fields": ["lat", "lon"]}}]	17	1
136	2018-12-20 17:16:44.208+02	2	ATB  вул. Київська 56	2	[{"changed": {"fields": ["lat", "lon"]}}]	17	1
137	2018-12-20 17:17:07.219+02	3	Ашан  вул. Покровська 89	2	[{"changed": {"fields": ["lat", "lon"]}}]	17	1
138	2018-12-23 00:18:15.397+02	4	АТБ  вул. Ватутіна 29	1	[{"added": {}}, {"added": {"name": "\\u0422\\u043e\\u0440\\u0433\\u043e\\u0432\\u0430 \\u0442\\u043e\\u0447\\u043a\\u0430 - \\u0422\\u043e\\u0432\\u0430\\u0440", "object": "\\u0417\\u043e\\u043b\\u043e\\u0442\\u0438\\u0439 \\u041a\\u043b\\u044e\\u0447\\u0438\\u043a - \\u0410\\u0422\\u0411  \\u0432\\u0443\\u043b. \\u0412\\u0430\\u0442\\u0443\\u0442\\u0456\\u043d\\u0430 29"}}, {"added": {"name": "\\u0422\\u043e\\u0440\\u0433\\u043e\\u0432\\u0430 \\u0442\\u043e\\u0447\\u043a\\u0430 - \\u0422\\u043e\\u0432\\u0430\\u0440", "object": "\\u0421\\u0443\\u043f\\u0435\\u0440 \\u0428\\u043e\\u043a\\u043e\\u043b\\u0430\\u0434 - \\u0410\\u0422\\u0411  \\u0432\\u0443\\u043b. \\u0412\\u0430\\u0442\\u0443\\u0442\\u0456\\u043d\\u0430 29"}}]	17	1
139	2018-12-23 00:19:35.268+02	6	UploadPhoto object (6)	2	[{"changed": {"fields": ["store"]}}]	13	1
140	2018-12-23 00:19:40.477+02	7	UploadPhoto object (7)	2	[{"changed": {"fields": ["store"]}}]	13	1
141	2018-12-23 00:22:07.252+02	5	У Макса  вул. Східна 25	1	[{"added": {}}, {"added": {"name": "\\u0422\\u043e\\u0440\\u0433\\u043e\\u0432\\u0430 \\u0442\\u043e\\u0447\\u043a\\u0430 - \\u0422\\u043e\\u0432\\u0430\\u0440", "object": "\\u0421\\u0443\\u043f\\u0435\\u0440 \\u0428\\u043e\\u043a\\u043e\\u043b\\u0430\\u0434 - \\u0423 \\u041c\\u0430\\u043a\\u0441\\u0430  \\u0432\\u0443\\u043b. \\u0421\\u0445\\u0456\\u0434\\u043d\\u0430 25"}}, {"added": {"name": "\\u0422\\u043e\\u0440\\u0433\\u043e\\u0432\\u0430 \\u0442\\u043e\\u0447\\u043a\\u0430 - \\u0422\\u043e\\u0432\\u0430\\u0440", "object": "\\u041f\\u043b\\u043e\\u043c\\u0431\\u0456\\u0440 - \\u0423 \\u041c\\u0430\\u043a\\u0441\\u0430  \\u0432\\u0443\\u043b. \\u0421\\u0445\\u0456\\u0434\\u043d\\u0430 25"}}]	17	1
142	2018-12-27 16:12:49.03034+02	5	У Макса  вул. Східна 25	2	[{"changed": {"fields": ["lat", "lon"]}}]	17	1
143	2018-12-27 16:13:18.646661+02	4	АТБ  вул. Ватутіна 29	2	[{"changed": {"fields": ["lat", "lon"]}}]	17	1
144	2018-12-27 16:15:58.799164+02	30	report_5HXX82	2	[{"changed": {"fields": ["store"]}}]	19	1
145	2018-12-27 16:48:00.425136+02	30	report_5HXX82	2	[{"changed": {"fields": ["t_start", "t_finish", "t_delta"]}}]	19	1
146	2018-12-27 16:48:11.838655+02	29	report_ah5Q15	2	[{"changed": {"fields": ["t_start", "t_finish", "t_delta"]}}]	19	1
147	2018-12-27 16:48:22.176148+02	28	report_oYGj8m	2	[{"changed": {"fields": ["t_start", "t_finish", "t_delta"]}}]	19	1
148	2018-12-28 12:56:17.930525+02	23	report_ZHfiS5	2	[{"changed": {"fields": ["store"]}}]	19	1
149	2018-12-28 12:56:24.97192+02	24	report_faxMil	2	[{"changed": {"fields": ["store"]}}]	19	1
\.


--
-- Data for Name: django_content_type; Type: TABLE DATA; Schema: public; Owner: max
--

COPY public.django_content_type (id, app_label, model) FROM stdin;
1	admin	logentry
2	auth	permission
3	auth	group
4	contenttypes	contenttype
5	sessions	session
6	sites	site
7	authtoken	token
8	account	emailaddress
9	account	emailconfirmation
10	socialaccount	socialaccount
11	socialaccount	socialapp
12	socialaccount	socialtoken
13	core	uploadphoto
14	user	userprofile
15	user	usergroup
16	store	goodsinstore
17	store	store
18	goods	goods
19	report	reportdata
20	report	reportitem
21	company	company
22	company	contractorcompany
23	location	city
24	location	region
25	location	route
26	register	registerkey
\.


--
-- Data for Name: django_migrations; Type: TABLE DATA; Schema: public; Owner: max
--

COPY public.django_migrations (id, app, name, applied) FROM stdin;
1	company	0001_initial	2018-12-24 19:22:54.886827+02
2	contenttypes	0001_initial	2018-12-24 19:22:55.019192+02
3	contenttypes	0002_remove_content_type_name	2018-12-24 19:22:55.097762+02
4	auth	0001_initial	2018-12-24 19:22:55.543694+02
5	auth	0002_alter_permission_name_max_length	2018-12-24 19:22:55.575908+02
6	auth	0003_alter_user_email_max_length	2018-12-24 19:22:55.599779+02
7	auth	0004_alter_user_username_opts	2018-12-24 19:22:55.623421+02
8	auth	0005_alter_user_last_login_null	2018-12-24 19:22:55.642217+02
9	auth	0006_require_contenttypes_0002	2018-12-24 19:22:55.654495+02
10	auth	0007_alter_validators_add_error_messages	2018-12-24 19:22:55.681686+02
11	auth	0008_alter_user_username_max_length	2018-12-24 19:22:55.70141+02
12	auth	0009_alter_user_last_name_max_length	2018-12-24 19:22:55.719945+02
13	user	0001_initial	2018-12-24 19:22:56.480602+02
14	account	0001_initial	2018-12-24 19:22:56.836676+02
15	account	0002_email_max_length	2018-12-24 19:22:56.880794+02
16	admin	0001_initial	2018-12-24 19:22:57.125899+02
17	admin	0002_logentry_remove_auto_add	2018-12-24 19:22:57.160702+02
18	admin	0003_logentry_add_action_flag_choices	2018-12-24 19:22:57.19161+02
19	authtoken	0001_initial	2018-12-24 19:22:57.371733+02
20	authtoken	0002_auto_20160226_1747	2018-12-24 19:22:57.604255+02
21	location	0001_initial	2018-12-24 19:22:57.939119+02
22	goods	0001_initial	2018-12-24 19:22:58.016853+02
23	store	0001_initial	2018-12-24 19:22:58.373819+02
24	store	0002_auto_20181206_1027	2018-12-24 19:22:58.484361+02
25	report	0001_initial	2018-12-24 19:22:58.651615+02
26	report	0002_auto_20181206_1015	2018-12-24 19:22:58.818587+02
27	report	0003_auto_20181214_1842	2018-12-24 19:22:58.973956+02
28	core	0001_initial	2018-12-24 19:22:59.16873+02
29	core	0002_uploadphoto_owner	2018-12-24 19:22:59.285574+02
30	core	0003_auto_20181218_1312	2018-12-24 19:22:59.475838+02
31	core	0004_auto_20181218_1419	2018-12-24 19:22:59.541557+02
32	core	0005_auto_20181218_1421	2018-12-24 19:22:59.590849+02
33	goods	0002_auto_20181218_1421	2018-12-24 19:22:59.604913+02
34	location	0002_auto_20181206_1027	2018-12-24 19:22:59.675044+02
35	register	0001_initial	2018-12-24 19:22:59.864501+02
36	sessions	0001_initial	2018-12-24 19:23:00.076034+02
37	sites	0001_initial	2018-12-24 19:23:00.153877+02
38	sites	0002_alter_domain_unique	2018-12-24 19:23:00.254036+02
39	socialaccount	0001_initial	2018-12-24 19:23:00.933792+02
40	socialaccount	0002_token_max_lengths	2018-12-24 19:23:01.066273+02
41	socialaccount	0003_extra_data_default_dict	2018-12-24 19:23:01.097735+02
42	user	0002_auto_20181206_1027	2018-12-24 19:23:01.133018+02
\.


--
-- Data for Name: django_session; Type: TABLE DATA; Schema: public; Owner: max
--

COPY public.django_session (session_key, session_data, expire_date) FROM stdin;
b46c8vqckfxw7ytice66rqslmyeh0o5d	OWY1M2EyNmI4ZjdjODAwYzUxMzQ2N2FmMWU0YTEwNWZlMzk5OTNjNjp7Il9hdXRoX3VzZXJfaWQiOiIxIiwiX2F1dGhfdXNlcl9iYWNrZW5kIjoiZGphbmdvLmNvbnRyaWIuYXV0aC5iYWNrZW5kcy5Nb2RlbEJhY2tlbmQiLCJfYXV0aF91c2VyX2hhc2giOiI2NzlmMDBhNTBlNjcxMGE2NDdhMWRkNjVjZGU1MjA0NWE2ZDQ1NTk3In0=	2019-01-02 17:01:01.68+02
fxgpkjkdxwvdfi8bxup9mmzrwrcj0qc3	OWY1M2EyNmI4ZjdjODAwYzUxMzQ2N2FmMWU0YTEwNWZlMzk5OTNjNjp7Il9hdXRoX3VzZXJfaWQiOiIxIiwiX2F1dGhfdXNlcl9iYWNrZW5kIjoiZGphbmdvLmNvbnRyaWIuYXV0aC5iYWNrZW5kcy5Nb2RlbEJhY2tlbmQiLCJfYXV0aF91c2VyX2hhc2giOiI2NzlmMDBhNTBlNjcxMGE2NDdhMWRkNjVjZGU1MjA0NWE2ZDQ1NTk3In0=	2019-01-01 17:05:57.809+02
kdwdbmmjc9zwobrf20rq18kkczkpqqia	OWY1M2EyNmI4ZjdjODAwYzUxMzQ2N2FmMWU0YTEwNWZlMzk5OTNjNjp7Il9hdXRoX3VzZXJfaWQiOiIxIiwiX2F1dGhfdXNlcl9iYWNrZW5kIjoiZGphbmdvLmNvbnRyaWIuYXV0aC5iYWNrZW5kcy5Nb2RlbEJhY2tlbmQiLCJfYXV0aF91c2VyX2hhc2giOiI2NzlmMDBhNTBlNjcxMGE2NDdhMWRkNjVjZGU1MjA0NWE2ZDQ1NTk3In0=	2019-01-06 00:14:13.365+02
w2935mbkegm8rgu0wrm1mt5q68wnijcz	OWY1M2EyNmI4ZjdjODAwYzUxMzQ2N2FmMWU0YTEwNWZlMzk5OTNjNjp7Il9hdXRoX3VzZXJfaWQiOiIxIiwiX2F1dGhfdXNlcl9iYWNrZW5kIjoiZGphbmdvLmNvbnRyaWIuYXV0aC5iYWNrZW5kcy5Nb2RlbEJhY2tlbmQiLCJfYXV0aF91c2VyX2hhc2giOiI2NzlmMDBhNTBlNjcxMGE2NDdhMWRkNjVjZGU1MjA0NWE2ZDQ1NTk3In0=	2018-12-25 11:52:44.396+02
hgplfi4gds7epxdpld6yabgaeifrf7k9	OWY1M2EyNmI4ZjdjODAwYzUxMzQ2N2FmMWU0YTEwNWZlMzk5OTNjNjp7Il9hdXRoX3VzZXJfaWQiOiIxIiwiX2F1dGhfdXNlcl9iYWNrZW5kIjoiZGphbmdvLmNvbnRyaWIuYXV0aC5iYWNrZW5kcy5Nb2RlbEJhY2tlbmQiLCJfYXV0aF91c2VyX2hhc2giOiI2NzlmMDBhNTBlNjcxMGE2NDdhMWRkNjVjZGU1MjA0NWE2ZDQ1NTk3In0=	2019-01-07 19:27:05.753265+02
\.


--
-- Data for Name: django_site; Type: TABLE DATA; Schema: public; Owner: max
--

COPY public.django_site (id, domain, name) FROM stdin;
1	example.com	example.com
\.


--
-- Data for Name: goods_goods; Type: TABLE DATA; Schema: public; Owner: max
--

COPY public.goods_goods (id, name, image, bar_code, category) FROM stdin;
1	Золотий Ключик	goods/gold_key.jpg	1212554655	1
2	Супер Шоколад	goods/super_schoco.jpg	53457588	1
3	Пломбір	goods/plombir.jpg	65468854	1
\.


--
-- Data for Name: location_city; Type: TABLE DATA; Schema: public; Owner: max
--

COPY public.location_city (id, name) FROM stdin;
1	Київ
2	Житомир
\.


--
-- Data for Name: location_region; Type: TABLE DATA; Schema: public; Owner: max
--

COPY public.location_region (id, region, city_id) FROM stdin;
1	Голосіївський	1
2	Богунський	2
3	Васильківський	1
4	Крошенський	2
5	Корбутівка	2
6	Подол	1
\.


--
-- Data for Name: location_route; Type: TABLE DATA; Schema: public; Owner: max
--

COPY public.location_route (id, created, agent_id, route_region_id) FROM stdin;
1	2018-12-06 10:21:42+02	6	1
2	2018-12-06 10:21:49+02	4	2
3	2018-12-11 12:24:54+02	5	1
4	2018-12-19 17:08:18+02	9	6
5	2018-12-19 17:08:50+02	7	4
6	2018-12-19 17:08:59+02	8	5
\.


--
-- Data for Name: register_registerkey; Type: TABLE DATA; Schema: public; Owner: max
--

COPY public.register_registerkey (id, key, created, email) FROM stdin;
\.


--
-- Data for Name: report_reportdata; Type: TABLE DATA; Schema: public; Owner: max
--

COPY public.report_reportdata (id, name, t_start, t_finish, t_delta, assortment_percent, created_at, owner_id, store_id) FROM stdin;
22	report_oIuE4e	9.30	9.50	20	50	2018-12-18 16:28:51+02	4	1
25	report_YD9Kxj	9.30	9.50	20	100	2018-12-18 17:14:27.019+02	7	1
26	report_4zDjft	9.30	9.50	20	100	2018-12-18 17:14:33.243+02	8	1
27	report_USfSi9	9.30	9.50	20	50	2018-12-18 17:14:49+02	9	1
30	report_5HXX82	23-12-2018 00:30	23-12-2018 00:32	00:02	0	2018-12-23 00:32:21+02	4	3
29	report_ah5Q15	23-12-2018 00:22	23-12-2018 00:22	00:00	0	2018-12-23 00:29:51+02	4	4
28	report_oYGj8m	23-12-2018 00:18	23-12-2018 00:18	00:00	0	2018-12-23 00:19:08+02	4	4
23	report_ZHfiS5	9.30	9.50	20	100	2018-12-18 17:14:03+02	5	4
24	report_faxMil	9.30	9.50	20	100	2018-12-18 17:14:17+02	6	3
\.


--
-- Data for Name: report_reportitem; Type: TABLE DATA; Schema: public; Owner: max
--

COPY public.report_reportitem (id, name, status, report_id) FROM stdin;
46	Золотий Ключик	f	22
47	Супер Шоколад	t	22
48	Золотий Ключик	t	23
49	Супер Шоколад	t	23
50	Золотий Ключик	t	24
51	Супер Шоколад	t	24
52	Золотий Ключик	t	25
53	Супер Шоколад	t	25
54	Золотий Ключик	t	26
55	Супер Шоколад	t	26
56	Золотий Ключик	t	27
57	Супер Шоколад	f	27
58	Золотий Ключик	f	28
59	Супер Шоколад	f	28
60	Золотий Ключик	f	29
61	Супер Шоколад	f	29
62	Золотий Ключик	f	30
63	Супер Шоколад	f	30
\.


--
-- Data for Name: socialaccount_socialaccount; Type: TABLE DATA; Schema: public; Owner: max
--

COPY public.socialaccount_socialaccount (id, provider, uid, last_login, date_joined, extra_data, user_id) FROM stdin;
\.


--
-- Data for Name: socialaccount_socialapp; Type: TABLE DATA; Schema: public; Owner: max
--

COPY public.socialaccount_socialapp (id, provider, name, client_id, secret, key) FROM stdin;
\.


--
-- Data for Name: socialaccount_socialapp_sites; Type: TABLE DATA; Schema: public; Owner: max
--

COPY public.socialaccount_socialapp_sites (id, socialapp_id, site_id) FROM stdin;
\.


--
-- Data for Name: socialaccount_socialtoken; Type: TABLE DATA; Schema: public; Owner: max
--

COPY public.socialaccount_socialtoken (id, token, token_secret, expires_at, account_id, app_id) FROM stdin;
\.


--
-- Data for Name: store_goodsinstore; Type: TABLE DATA; Schema: public; Owner: max
--

COPY public.store_goodsinstore (id, goods_id, store_id) FROM stdin;
1	1	1
2	2	1
3	3	2
4	1	2
5	1	3
6	2	3
7	3	3
8	1	4
9	2	4
10	2	5
11	3	5
\.


--
-- Data for Name: store_store; Type: TABLE DATA; Schema: public; Owner: max
--

COPY public.store_store (id, name, address, lat, lon, store_region_id) FROM stdin;
1	Billa	вул. Київська 25	50.2446300000000008	28.6375250000000001	1
2	ATB	вул. Київська 56	50.2469759999999965	28.6290610000000001	1
3	Ашан	вул. Покровська 89	50.3188439999999986	28.4391089999999984	2
5	У Макса	вул. Східна 25	50.3172992000000008	28.4391038000000016	5
4	АТБ	вул. Ватутіна 29	50.3229980999999995	28.4358855000000013	2
\.


--
-- Data for Name: user_userprofile; Type: TABLE DATA; Schema: public; Owner: max
--

COPY public.user_userprofile (id, password, last_login, is_superuser, username, first_name, last_name, email, is_staff, is_active, date_joined, user_photo, phone, role, company_id) FROM stdin;
2	pbkdf2_sha256$120000$LEWrsAKdB7Ch$oImQ8kIF+oiKkEfHgiVGIMw5nQ7d2vYVui1g2lCxUhs=	2018-12-18 17:34:35.609+02	f	vitaliy	Віталій	Нікітчин		f	t	2018-12-06 10:18:51+02			3	2
3	pbkdf2_sha256$120000$Aas2kyCOSskR$8IwSlxqWbsL6noOh8A0z7gS2y49YhVFlemejY42nqNU=	2018-12-18 17:05:18.262+02	f	artem	Артем	Сазонов		f	t	2018-12-06 10:20:27+02			3	1
4	pbkdf2_sha256$120000$TVDuBLLwTR4o$DXTI+npPj+n3rmFhjKXyqiaN3kj6IXT/2vHGYuiKWNE=	2018-12-18 17:25:21.041+02	f	glograni	Игорь	Ковалёв		f	t	2018-12-18 16:51:57+02			1	1
5	pbkdf2_sha256$120000$FdVonPXloVVj$+rT0qjY1UINpM11lTJ3SgDFbHHjWF4WFdGr3DyoE3LQ=	\N	f	rackbart	Власов	Беспалов		f	t	2018-12-18 16:52:15+02			1	2
6	pbkdf2_sha256$120000$kmzty1xINCyw$tlzO8bmi4cqw9B0YNpyQtc5z8UNmN2oBpxA+pIYn/8Y=	\N	f	torthear	Александр	Зиновьев		f	t	2018-12-18 16:52:33+02			1	2
7	pbkdf2_sha256$120000$QuV3u69nwIXt$LfoqOUC7YAYzb7OuGkBDkjZw1c0JzerDx7O8b0sdH5k=	\N	f	cabloque	Иван	Титов		f	t	2018-12-18 16:52:47+02			1	1
8	pbkdf2_sha256$120000$c3yPv0bZniWs$xmO+jkgyxr12kn6GJgumlVkTuPIyafHD4nwLihoz+gE=	\N	f	matinght	Пётр	Власов		f	t	2018-12-18 16:53:05+02			1	1
9	pbkdf2_sha256$120000$RnXrZRXHMDV5$WwWVZuP82odA3wyrXuNndsuqFlYPRpoI0OdGzhwebCA=	\N	f	orkenate	Глеб	Туров		f	t	2018-12-18 16:53:26+02			1	2
1	pbkdf2_sha256$120000$OBNZliZ69b6d$LLJfaPn1F0D1twEUVdQQPr39wyHb6/fk3EHA8Ll0C4w=	2018-12-24 19:27:05.741151+02	t	admin	Максим	Рудюк	maksym.rudiuk@gmail.com	t	t	2018-12-06 10:16:28+02			3	\N
\.


--
-- Data for Name: user_userprofile_groups; Type: TABLE DATA; Schema: public; Owner: max
--

COPY public.user_userprofile_groups (id, userprofile_id, group_id) FROM stdin;
\.


--
-- Data for Name: user_userprofile_user_permissions; Type: TABLE DATA; Schema: public; Owner: max
--

COPY public.user_userprofile_user_permissions (id, userprofile_id, permission_id) FROM stdin;
\.


--
-- Name: account_emailaddress_id_seq; Type: SEQUENCE SET; Schema: public; Owner: max
--

SELECT pg_catalog.setval('public.account_emailaddress_id_seq', 1, false);


--
-- Name: account_emailconfirmation_id_seq; Type: SEQUENCE SET; Schema: public; Owner: max
--

SELECT pg_catalog.setval('public.account_emailconfirmation_id_seq', 1, false);


--
-- Name: auth_group_id_seq; Type: SEQUENCE SET; Schema: public; Owner: max
--

SELECT pg_catalog.setval('public.auth_group_id_seq', 1, false);


--
-- Name: auth_group_permissions_id_seq; Type: SEQUENCE SET; Schema: public; Owner: max
--

SELECT pg_catalog.setval('public.auth_group_permissions_id_seq', 1, false);


--
-- Name: auth_permission_id_seq; Type: SEQUENCE SET; Schema: public; Owner: max
--

SELECT pg_catalog.setval('public.auth_permission_id_seq', 104, true);


--
-- Name: company_company_id_seq; Type: SEQUENCE SET; Schema: public; Owner: max
--

SELECT pg_catalog.setval('public.company_company_id_seq', 1, true);


--
-- Name: company_contractorcompany_id_seq; Type: SEQUENCE SET; Schema: public; Owner: max
--

SELECT pg_catalog.setval('public.company_contractorcompany_id_seq', 2, true);


--
-- Name: core_uploadphoto_id_seq; Type: SEQUENCE SET; Schema: public; Owner: max
--

SELECT pg_catalog.setval('public.core_uploadphoto_id_seq', 13, true);


--
-- Name: django_admin_log_id_seq; Type: SEQUENCE SET; Schema: public; Owner: max
--

SELECT pg_catalog.setval('public.django_admin_log_id_seq', 149, true);


--
-- Name: django_content_type_id_seq; Type: SEQUENCE SET; Schema: public; Owner: max
--

SELECT pg_catalog.setval('public.django_content_type_id_seq', 26, true);


--
-- Name: django_migrations_id_seq; Type: SEQUENCE SET; Schema: public; Owner: max
--

SELECT pg_catalog.setval('public.django_migrations_id_seq', 42, true);


--
-- Name: django_site_id_seq; Type: SEQUENCE SET; Schema: public; Owner: max
--

SELECT pg_catalog.setval('public.django_site_id_seq', 1, true);


--
-- Name: goods_goods_id_seq; Type: SEQUENCE SET; Schema: public; Owner: max
--

SELECT pg_catalog.setval('public.goods_goods_id_seq', 3, true);


--
-- Name: location_city_id_seq; Type: SEQUENCE SET; Schema: public; Owner: max
--

SELECT pg_catalog.setval('public.location_city_id_seq', 2, true);


--
-- Name: location_region_id_seq; Type: SEQUENCE SET; Schema: public; Owner: max
--

SELECT pg_catalog.setval('public.location_region_id_seq', 6, true);


--
-- Name: location_route_id_seq; Type: SEQUENCE SET; Schema: public; Owner: max
--

SELECT pg_catalog.setval('public.location_route_id_seq', 6, true);


--
-- Name: register_registerkey_id_seq; Type: SEQUENCE SET; Schema: public; Owner: max
--

SELECT pg_catalog.setval('public.register_registerkey_id_seq', 1, false);


--
-- Name: report_reportdata_id_seq; Type: SEQUENCE SET; Schema: public; Owner: max
--

SELECT pg_catalog.setval('public.report_reportdata_id_seq', 30, true);


--
-- Name: report_reportitem_id_seq; Type: SEQUENCE SET; Schema: public; Owner: max
--

SELECT pg_catalog.setval('public.report_reportitem_id_seq', 63, true);


--
-- Name: socialaccount_socialaccount_id_seq; Type: SEQUENCE SET; Schema: public; Owner: max
--

SELECT pg_catalog.setval('public.socialaccount_socialaccount_id_seq', 1, false);


--
-- Name: socialaccount_socialapp_id_seq; Type: SEQUENCE SET; Schema: public; Owner: max
--

SELECT pg_catalog.setval('public.socialaccount_socialapp_id_seq', 1, false);


--
-- Name: socialaccount_socialapp_sites_id_seq; Type: SEQUENCE SET; Schema: public; Owner: max
--

SELECT pg_catalog.setval('public.socialaccount_socialapp_sites_id_seq', 1, false);


--
-- Name: socialaccount_socialtoken_id_seq; Type: SEQUENCE SET; Schema: public; Owner: max
--

SELECT pg_catalog.setval('public.socialaccount_socialtoken_id_seq', 1, false);


--
-- Name: store_goodsinstore_id_seq; Type: SEQUENCE SET; Schema: public; Owner: max
--

SELECT pg_catalog.setval('public.store_goodsinstore_id_seq', 11, true);


--
-- Name: store_store_id_seq; Type: SEQUENCE SET; Schema: public; Owner: max
--

SELECT pg_catalog.setval('public.store_store_id_seq', 5, true);


--
-- Name: user_userprofile_groups_id_seq; Type: SEQUENCE SET; Schema: public; Owner: max
--

SELECT pg_catalog.setval('public.user_userprofile_groups_id_seq', 1, false);


--
-- Name: user_userprofile_id_seq; Type: SEQUENCE SET; Schema: public; Owner: max
--

SELECT pg_catalog.setval('public.user_userprofile_id_seq', 9, true);


--
-- Name: user_userprofile_user_permissions_id_seq; Type: SEQUENCE SET; Schema: public; Owner: max
--

SELECT pg_catalog.setval('public.user_userprofile_user_permissions_id_seq', 1, false);


--
-- Name: account_emailaddress account_emailaddress_email_key; Type: CONSTRAINT; Schema: public; Owner: max
--

ALTER TABLE ONLY public.account_emailaddress
    ADD CONSTRAINT account_emailaddress_email_key UNIQUE (email);


--
-- Name: account_emailaddress account_emailaddress_pkey; Type: CONSTRAINT; Schema: public; Owner: max
--

ALTER TABLE ONLY public.account_emailaddress
    ADD CONSTRAINT account_emailaddress_pkey PRIMARY KEY (id);


--
-- Name: account_emailconfirmation account_emailconfirmation_key_key; Type: CONSTRAINT; Schema: public; Owner: max
--

ALTER TABLE ONLY public.account_emailconfirmation
    ADD CONSTRAINT account_emailconfirmation_key_key UNIQUE (key);


--
-- Name: account_emailconfirmation account_emailconfirmation_pkey; Type: CONSTRAINT; Schema: public; Owner: max
--

ALTER TABLE ONLY public.account_emailconfirmation
    ADD CONSTRAINT account_emailconfirmation_pkey PRIMARY KEY (id);


--
-- Name: auth_group auth_group_name_key; Type: CONSTRAINT; Schema: public; Owner: max
--

ALTER TABLE ONLY public.auth_group
    ADD CONSTRAINT auth_group_name_key UNIQUE (name);


--
-- Name: auth_group_permissions auth_group_permissions_group_id_permission_id_0cd325b0_uniq; Type: CONSTRAINT; Schema: public; Owner: max
--

ALTER TABLE ONLY public.auth_group_permissions
    ADD CONSTRAINT auth_group_permissions_group_id_permission_id_0cd325b0_uniq UNIQUE (group_id, permission_id);


--
-- Name: auth_group_permissions auth_group_permissions_pkey; Type: CONSTRAINT; Schema: public; Owner: max
--

ALTER TABLE ONLY public.auth_group_permissions
    ADD CONSTRAINT auth_group_permissions_pkey PRIMARY KEY (id);


--
-- Name: auth_group auth_group_pkey; Type: CONSTRAINT; Schema: public; Owner: max
--

ALTER TABLE ONLY public.auth_group
    ADD CONSTRAINT auth_group_pkey PRIMARY KEY (id);


--
-- Name: auth_permission auth_permission_content_type_id_codename_01ab375a_uniq; Type: CONSTRAINT; Schema: public; Owner: max
--

ALTER TABLE ONLY public.auth_permission
    ADD CONSTRAINT auth_permission_content_type_id_codename_01ab375a_uniq UNIQUE (content_type_id, codename);


--
-- Name: auth_permission auth_permission_pkey; Type: CONSTRAINT; Schema: public; Owner: max
--

ALTER TABLE ONLY public.auth_permission
    ADD CONSTRAINT auth_permission_pkey PRIMARY KEY (id);


--
-- Name: authtoken_token authtoken_token_pkey; Type: CONSTRAINT; Schema: public; Owner: max
--

ALTER TABLE ONLY public.authtoken_token
    ADD CONSTRAINT authtoken_token_pkey PRIMARY KEY (key);


--
-- Name: authtoken_token authtoken_token_user_id_key; Type: CONSTRAINT; Schema: public; Owner: max
--

ALTER TABLE ONLY public.authtoken_token
    ADD CONSTRAINT authtoken_token_user_id_key UNIQUE (user_id);


--
-- Name: company_company company_company_pkey; Type: CONSTRAINT; Schema: public; Owner: max
--

ALTER TABLE ONLY public.company_company
    ADD CONSTRAINT company_company_pkey PRIMARY KEY (id);


--
-- Name: company_contractorcompany company_contractorcompany_pkey; Type: CONSTRAINT; Schema: public; Owner: max
--

ALTER TABLE ONLY public.company_contractorcompany
    ADD CONSTRAINT company_contractorcompany_pkey PRIMARY KEY (id);


--
-- Name: core_uploadphoto core_uploadphoto_pkey; Type: CONSTRAINT; Schema: public; Owner: max
--

ALTER TABLE ONLY public.core_uploadphoto
    ADD CONSTRAINT core_uploadphoto_pkey PRIMARY KEY (id);


--
-- Name: django_admin_log django_admin_log_pkey; Type: CONSTRAINT; Schema: public; Owner: max
--

ALTER TABLE ONLY public.django_admin_log
    ADD CONSTRAINT django_admin_log_pkey PRIMARY KEY (id);


--
-- Name: django_content_type django_content_type_app_label_model_76bd3d3b_uniq; Type: CONSTRAINT; Schema: public; Owner: max
--

ALTER TABLE ONLY public.django_content_type
    ADD CONSTRAINT django_content_type_app_label_model_76bd3d3b_uniq UNIQUE (app_label, model);


--
-- Name: django_content_type django_content_type_pkey; Type: CONSTRAINT; Schema: public; Owner: max
--

ALTER TABLE ONLY public.django_content_type
    ADD CONSTRAINT django_content_type_pkey PRIMARY KEY (id);


--
-- Name: django_migrations django_migrations_pkey; Type: CONSTRAINT; Schema: public; Owner: max
--

ALTER TABLE ONLY public.django_migrations
    ADD CONSTRAINT django_migrations_pkey PRIMARY KEY (id);


--
-- Name: django_session django_session_pkey; Type: CONSTRAINT; Schema: public; Owner: max
--

ALTER TABLE ONLY public.django_session
    ADD CONSTRAINT django_session_pkey PRIMARY KEY (session_key);


--
-- Name: django_site django_site_domain_a2e37b91_uniq; Type: CONSTRAINT; Schema: public; Owner: max
--

ALTER TABLE ONLY public.django_site
    ADD CONSTRAINT django_site_domain_a2e37b91_uniq UNIQUE (domain);


--
-- Name: django_site django_site_pkey; Type: CONSTRAINT; Schema: public; Owner: max
--

ALTER TABLE ONLY public.django_site
    ADD CONSTRAINT django_site_pkey PRIMARY KEY (id);


--
-- Name: goods_goods goods_goods_pkey; Type: CONSTRAINT; Schema: public; Owner: max
--

ALTER TABLE ONLY public.goods_goods
    ADD CONSTRAINT goods_goods_pkey PRIMARY KEY (id);


--
-- Name: location_city location_city_pkey; Type: CONSTRAINT; Schema: public; Owner: max
--

ALTER TABLE ONLY public.location_city
    ADD CONSTRAINT location_city_pkey PRIMARY KEY (id);


--
-- Name: location_region location_region_pkey; Type: CONSTRAINT; Schema: public; Owner: max
--

ALTER TABLE ONLY public.location_region
    ADD CONSTRAINT location_region_pkey PRIMARY KEY (id);


--
-- Name: location_route location_route_pkey; Type: CONSTRAINT; Schema: public; Owner: max
--

ALTER TABLE ONLY public.location_route
    ADD CONSTRAINT location_route_pkey PRIMARY KEY (id);


--
-- Name: register_registerkey register_registerkey_key_key; Type: CONSTRAINT; Schema: public; Owner: max
--

ALTER TABLE ONLY public.register_registerkey
    ADD CONSTRAINT register_registerkey_key_key UNIQUE (key);


--
-- Name: register_registerkey register_registerkey_pkey; Type: CONSTRAINT; Schema: public; Owner: max
--

ALTER TABLE ONLY public.register_registerkey
    ADD CONSTRAINT register_registerkey_pkey PRIMARY KEY (id);


--
-- Name: report_reportdata report_reportdata_pkey; Type: CONSTRAINT; Schema: public; Owner: max
--

ALTER TABLE ONLY public.report_reportdata
    ADD CONSTRAINT report_reportdata_pkey PRIMARY KEY (id);


--
-- Name: report_reportitem report_reportitem_pkey; Type: CONSTRAINT; Schema: public; Owner: max
--

ALTER TABLE ONLY public.report_reportitem
    ADD CONSTRAINT report_reportitem_pkey PRIMARY KEY (id);


--
-- Name: socialaccount_socialaccount socialaccount_socialaccount_pkey; Type: CONSTRAINT; Schema: public; Owner: max
--

ALTER TABLE ONLY public.socialaccount_socialaccount
    ADD CONSTRAINT socialaccount_socialaccount_pkey PRIMARY KEY (id);


--
-- Name: socialaccount_socialaccount socialaccount_socialaccount_provider_uid_fc810c6e_uniq; Type: CONSTRAINT; Schema: public; Owner: max
--

ALTER TABLE ONLY public.socialaccount_socialaccount
    ADD CONSTRAINT socialaccount_socialaccount_provider_uid_fc810c6e_uniq UNIQUE (provider, uid);


--
-- Name: socialaccount_socialapp_sites socialaccount_socialapp__socialapp_id_site_id_71a9a768_uniq; Type: CONSTRAINT; Schema: public; Owner: max
--

ALTER TABLE ONLY public.socialaccount_socialapp_sites
    ADD CONSTRAINT socialaccount_socialapp__socialapp_id_site_id_71a9a768_uniq UNIQUE (socialapp_id, site_id);


--
-- Name: socialaccount_socialapp socialaccount_socialapp_pkey; Type: CONSTRAINT; Schema: public; Owner: max
--

ALTER TABLE ONLY public.socialaccount_socialapp
    ADD CONSTRAINT socialaccount_socialapp_pkey PRIMARY KEY (id);


--
-- Name: socialaccount_socialapp_sites socialaccount_socialapp_sites_pkey; Type: CONSTRAINT; Schema: public; Owner: max
--

ALTER TABLE ONLY public.socialaccount_socialapp_sites
    ADD CONSTRAINT socialaccount_socialapp_sites_pkey PRIMARY KEY (id);


--
-- Name: socialaccount_socialtoken socialaccount_socialtoken_app_id_account_id_fca4e0ac_uniq; Type: CONSTRAINT; Schema: public; Owner: max
--

ALTER TABLE ONLY public.socialaccount_socialtoken
    ADD CONSTRAINT socialaccount_socialtoken_app_id_account_id_fca4e0ac_uniq UNIQUE (app_id, account_id);


--
-- Name: socialaccount_socialtoken socialaccount_socialtoken_pkey; Type: CONSTRAINT; Schema: public; Owner: max
--

ALTER TABLE ONLY public.socialaccount_socialtoken
    ADD CONSTRAINT socialaccount_socialtoken_pkey PRIMARY KEY (id);


--
-- Name: store_goodsinstore store_goodsinstore_pkey; Type: CONSTRAINT; Schema: public; Owner: max
--

ALTER TABLE ONLY public.store_goodsinstore
    ADD CONSTRAINT store_goodsinstore_pkey PRIMARY KEY (id);


--
-- Name: store_store store_store_pkey; Type: CONSTRAINT; Schema: public; Owner: max
--

ALTER TABLE ONLY public.store_store
    ADD CONSTRAINT store_store_pkey PRIMARY KEY (id);


--
-- Name: user_userprofile_groups user_userprofile_groups_pkey; Type: CONSTRAINT; Schema: public; Owner: max
--

ALTER TABLE ONLY public.user_userprofile_groups
    ADD CONSTRAINT user_userprofile_groups_pkey PRIMARY KEY (id);


--
-- Name: user_userprofile_groups user_userprofile_groups_userprofile_id_group_id_52847a61_uniq; Type: CONSTRAINT; Schema: public; Owner: max
--

ALTER TABLE ONLY public.user_userprofile_groups
    ADD CONSTRAINT user_userprofile_groups_userprofile_id_group_id_52847a61_uniq UNIQUE (userprofile_id, group_id);


--
-- Name: user_userprofile user_userprofile_pkey; Type: CONSTRAINT; Schema: public; Owner: max
--

ALTER TABLE ONLY public.user_userprofile
    ADD CONSTRAINT user_userprofile_pkey PRIMARY KEY (id);


--
-- Name: user_userprofile_user_permissions user_userprofile_user_pe_userprofile_id_permissio_2e86ceca_uniq; Type: CONSTRAINT; Schema: public; Owner: max
--

ALTER TABLE ONLY public.user_userprofile_user_permissions
    ADD CONSTRAINT user_userprofile_user_pe_userprofile_id_permissio_2e86ceca_uniq UNIQUE (userprofile_id, permission_id);


--
-- Name: user_userprofile_user_permissions user_userprofile_user_permissions_pkey; Type: CONSTRAINT; Schema: public; Owner: max
--

ALTER TABLE ONLY public.user_userprofile_user_permissions
    ADD CONSTRAINT user_userprofile_user_permissions_pkey PRIMARY KEY (id);


--
-- Name: user_userprofile user_userprofile_username_key; Type: CONSTRAINT; Schema: public; Owner: max
--

ALTER TABLE ONLY public.user_userprofile
    ADD CONSTRAINT user_userprofile_username_key UNIQUE (username);


--
-- Name: account_emailaddress_email_03be32b2_like; Type: INDEX; Schema: public; Owner: max
--

CREATE INDEX account_emailaddress_email_03be32b2_like ON public.account_emailaddress USING btree (email varchar_pattern_ops);


--
-- Name: account_emailaddress_user_id_2c513194; Type: INDEX; Schema: public; Owner: max
--

CREATE INDEX account_emailaddress_user_id_2c513194 ON public.account_emailaddress USING btree (user_id);


--
-- Name: account_emailconfirmation_email_address_id_5b7f8c58; Type: INDEX; Schema: public; Owner: max
--

CREATE INDEX account_emailconfirmation_email_address_id_5b7f8c58 ON public.account_emailconfirmation USING btree (email_address_id);


--
-- Name: account_emailconfirmation_key_f43612bd_like; Type: INDEX; Schema: public; Owner: max
--

CREATE INDEX account_emailconfirmation_key_f43612bd_like ON public.account_emailconfirmation USING btree (key varchar_pattern_ops);


--
-- Name: auth_group_name_a6ea08ec_like; Type: INDEX; Schema: public; Owner: max
--

CREATE INDEX auth_group_name_a6ea08ec_like ON public.auth_group USING btree (name varchar_pattern_ops);


--
-- Name: auth_group_permissions_group_id_b120cbf9; Type: INDEX; Schema: public; Owner: max
--

CREATE INDEX auth_group_permissions_group_id_b120cbf9 ON public.auth_group_permissions USING btree (group_id);


--
-- Name: auth_group_permissions_permission_id_84c5c92e; Type: INDEX; Schema: public; Owner: max
--

CREATE INDEX auth_group_permissions_permission_id_84c5c92e ON public.auth_group_permissions USING btree (permission_id);


--
-- Name: auth_permission_content_type_id_2f476e4b; Type: INDEX; Schema: public; Owner: max
--

CREATE INDEX auth_permission_content_type_id_2f476e4b ON public.auth_permission USING btree (content_type_id);


--
-- Name: authtoken_token_key_10f0b77e_like; Type: INDEX; Schema: public; Owner: max
--

CREATE INDEX authtoken_token_key_10f0b77e_like ON public.authtoken_token USING btree (key varchar_pattern_ops);


--
-- Name: company_contractorcompany_parent_id_abff64e1; Type: INDEX; Schema: public; Owner: max
--

CREATE INDEX company_contractorcompany_parent_id_abff64e1 ON public.company_contractorcompany USING btree (parent_id);


--
-- Name: core_uploadphoto_owner_id_9040320b; Type: INDEX; Schema: public; Owner: max
--

CREATE INDEX core_uploadphoto_owner_id_9040320b ON public.core_uploadphoto USING btree (owner_id);


--
-- Name: core_uploadphoto_report_id_4c2aa451; Type: INDEX; Schema: public; Owner: max
--

CREATE INDEX core_uploadphoto_report_id_4c2aa451 ON public.core_uploadphoto USING btree (report_id);


--
-- Name: core_uploadphoto_store_id_ca6a9e23; Type: INDEX; Schema: public; Owner: max
--

CREATE INDEX core_uploadphoto_store_id_ca6a9e23 ON public.core_uploadphoto USING btree (store_id);


--
-- Name: django_admin_log_content_type_id_c4bce8eb; Type: INDEX; Schema: public; Owner: max
--

CREATE INDEX django_admin_log_content_type_id_c4bce8eb ON public.django_admin_log USING btree (content_type_id);


--
-- Name: django_admin_log_user_id_c564eba6; Type: INDEX; Schema: public; Owner: max
--

CREATE INDEX django_admin_log_user_id_c564eba6 ON public.django_admin_log USING btree (user_id);


--
-- Name: django_session_expire_date_a5c62663; Type: INDEX; Schema: public; Owner: max
--

CREATE INDEX django_session_expire_date_a5c62663 ON public.django_session USING btree (expire_date);


--
-- Name: django_session_session_key_c0390e0f_like; Type: INDEX; Schema: public; Owner: max
--

CREATE INDEX django_session_session_key_c0390e0f_like ON public.django_session USING btree (session_key varchar_pattern_ops);


--
-- Name: django_site_domain_a2e37b91_like; Type: INDEX; Schema: public; Owner: max
--

CREATE INDEX django_site_domain_a2e37b91_like ON public.django_site USING btree (domain varchar_pattern_ops);


--
-- Name: location_region_city_id_5ccc9525; Type: INDEX; Schema: public; Owner: max
--

CREATE INDEX location_region_city_id_5ccc9525 ON public.location_region USING btree (city_id);


--
-- Name: location_route_agent_id_5f9ac3a4; Type: INDEX; Schema: public; Owner: max
--

CREATE INDEX location_route_agent_id_5f9ac3a4 ON public.location_route USING btree (agent_id);


--
-- Name: location_route_region_id_2081ef42; Type: INDEX; Schema: public; Owner: max
--

CREATE INDEX location_route_region_id_2081ef42 ON public.location_route USING btree (route_region_id);


--
-- Name: register_registerkey_key_88205dc8_like; Type: INDEX; Schema: public; Owner: max
--

CREATE INDEX register_registerkey_key_88205dc8_like ON public.register_registerkey USING btree (key varchar_pattern_ops);


--
-- Name: report_reportdata_owner_id_b2b52fe1; Type: INDEX; Schema: public; Owner: max
--

CREATE INDEX report_reportdata_owner_id_b2b52fe1 ON public.report_reportdata USING btree (owner_id);


--
-- Name: report_reportdata_store_id_f345eb94; Type: INDEX; Schema: public; Owner: max
--

CREATE INDEX report_reportdata_store_id_f345eb94 ON public.report_reportdata USING btree (store_id);


--
-- Name: report_reportitem_report_id_a1b2ad01; Type: INDEX; Schema: public; Owner: max
--

CREATE INDEX report_reportitem_report_id_a1b2ad01 ON public.report_reportitem USING btree (report_id);


--
-- Name: socialaccount_socialaccount_user_id_8146e70c; Type: INDEX; Schema: public; Owner: max
--

CREATE INDEX socialaccount_socialaccount_user_id_8146e70c ON public.socialaccount_socialaccount USING btree (user_id);


--
-- Name: socialaccount_socialapp_sites_site_id_2579dee5; Type: INDEX; Schema: public; Owner: max
--

CREATE INDEX socialaccount_socialapp_sites_site_id_2579dee5 ON public.socialaccount_socialapp_sites USING btree (site_id);


--
-- Name: socialaccount_socialapp_sites_socialapp_id_97fb6e7d; Type: INDEX; Schema: public; Owner: max
--

CREATE INDEX socialaccount_socialapp_sites_socialapp_id_97fb6e7d ON public.socialaccount_socialapp_sites USING btree (socialapp_id);


--
-- Name: socialaccount_socialtoken_account_id_951f210e; Type: INDEX; Schema: public; Owner: max
--

CREATE INDEX socialaccount_socialtoken_account_id_951f210e ON public.socialaccount_socialtoken USING btree (account_id);


--
-- Name: socialaccount_socialtoken_app_id_636a42d7; Type: INDEX; Schema: public; Owner: max
--

CREATE INDEX socialaccount_socialtoken_app_id_636a42d7 ON public.socialaccount_socialtoken USING btree (app_id);


--
-- Name: store_goodsinstore_goods_id_beb2ec37; Type: INDEX; Schema: public; Owner: max
--

CREATE INDEX store_goodsinstore_goods_id_beb2ec37 ON public.store_goodsinstore USING btree (goods_id);


--
-- Name: store_goodsinstore_store_id_1c0bc46a; Type: INDEX; Schema: public; Owner: max
--

CREATE INDEX store_goodsinstore_store_id_1c0bc46a ON public.store_goodsinstore USING btree (store_id);


--
-- Name: store_store_region_id_4964fa27; Type: INDEX; Schema: public; Owner: max
--

CREATE INDEX store_store_region_id_4964fa27 ON public.store_store USING btree (store_region_id);


--
-- Name: user_userprofile_company_id_273036c4; Type: INDEX; Schema: public; Owner: max
--

CREATE INDEX user_userprofile_company_id_273036c4 ON public.user_userprofile USING btree (company_id);


--
-- Name: user_userprofile_groups_group_id_98cc4038; Type: INDEX; Schema: public; Owner: max
--

CREATE INDEX user_userprofile_groups_group_id_98cc4038 ON public.user_userprofile_groups USING btree (group_id);


--
-- Name: user_userprofile_groups_userprofile_id_49724c40; Type: INDEX; Schema: public; Owner: max
--

CREATE INDEX user_userprofile_groups_userprofile_id_49724c40 ON public.user_userprofile_groups USING btree (userprofile_id);


--
-- Name: user_userprofile_user_permissions_permission_id_7f559b23; Type: INDEX; Schema: public; Owner: max
--

CREATE INDEX user_userprofile_user_permissions_permission_id_7f559b23 ON public.user_userprofile_user_permissions USING btree (permission_id);


--
-- Name: user_userprofile_user_permissions_userprofile_id_68dc814c; Type: INDEX; Schema: public; Owner: max
--

CREATE INDEX user_userprofile_user_permissions_userprofile_id_68dc814c ON public.user_userprofile_user_permissions USING btree (userprofile_id);


--
-- Name: user_userprofile_username_7cb4ae95_like; Type: INDEX; Schema: public; Owner: max
--

CREATE INDEX user_userprofile_username_7cb4ae95_like ON public.user_userprofile USING btree (username varchar_pattern_ops);


--
-- Name: account_emailaddress account_emailaddress_user_id_2c513194_fk_user_userprofile_id; Type: FK CONSTRAINT; Schema: public; Owner: max
--

ALTER TABLE ONLY public.account_emailaddress
    ADD CONSTRAINT account_emailaddress_user_id_2c513194_fk_user_userprofile_id FOREIGN KEY (user_id) REFERENCES public.user_userprofile(id) DEFERRABLE INITIALLY DEFERRED;


--
-- Name: account_emailconfirmation account_emailconfirm_email_address_id_5b7f8c58_fk_account_e; Type: FK CONSTRAINT; Schema: public; Owner: max
--

ALTER TABLE ONLY public.account_emailconfirmation
    ADD CONSTRAINT account_emailconfirm_email_address_id_5b7f8c58_fk_account_e FOREIGN KEY (email_address_id) REFERENCES public.account_emailaddress(id) DEFERRABLE INITIALLY DEFERRED;


--
-- Name: auth_group_permissions auth_group_permissio_permission_id_84c5c92e_fk_auth_perm; Type: FK CONSTRAINT; Schema: public; Owner: max
--

ALTER TABLE ONLY public.auth_group_permissions
    ADD CONSTRAINT auth_group_permissio_permission_id_84c5c92e_fk_auth_perm FOREIGN KEY (permission_id) REFERENCES public.auth_permission(id) DEFERRABLE INITIALLY DEFERRED;


--
-- Name: auth_group_permissions auth_group_permissions_group_id_b120cbf9_fk_auth_group_id; Type: FK CONSTRAINT; Schema: public; Owner: max
--

ALTER TABLE ONLY public.auth_group_permissions
    ADD CONSTRAINT auth_group_permissions_group_id_b120cbf9_fk_auth_group_id FOREIGN KEY (group_id) REFERENCES public.auth_group(id) DEFERRABLE INITIALLY DEFERRED;


--
-- Name: auth_permission auth_permission_content_type_id_2f476e4b_fk_django_co; Type: FK CONSTRAINT; Schema: public; Owner: max
--

ALTER TABLE ONLY public.auth_permission
    ADD CONSTRAINT auth_permission_content_type_id_2f476e4b_fk_django_co FOREIGN KEY (content_type_id) REFERENCES public.django_content_type(id) DEFERRABLE INITIALLY DEFERRED;


--
-- Name: authtoken_token authtoken_token_user_id_35299eff_fk_user_userprofile_id; Type: FK CONSTRAINT; Schema: public; Owner: max
--

ALTER TABLE ONLY public.authtoken_token
    ADD CONSTRAINT authtoken_token_user_id_35299eff_fk_user_userprofile_id FOREIGN KEY (user_id) REFERENCES public.user_userprofile(id) DEFERRABLE INITIALLY DEFERRED;


--
-- Name: company_contractorcompany company_contractorco_parent_id_abff64e1_fk_company_c; Type: FK CONSTRAINT; Schema: public; Owner: max
--

ALTER TABLE ONLY public.company_contractorcompany
    ADD CONSTRAINT company_contractorco_parent_id_abff64e1_fk_company_c FOREIGN KEY (parent_id) REFERENCES public.company_company(id) DEFERRABLE INITIALLY DEFERRED;


--
-- Name: core_uploadphoto core_uploadphoto_owner_id_9040320b_fk_user_userprofile_id; Type: FK CONSTRAINT; Schema: public; Owner: max
--

ALTER TABLE ONLY public.core_uploadphoto
    ADD CONSTRAINT core_uploadphoto_owner_id_9040320b_fk_user_userprofile_id FOREIGN KEY (owner_id) REFERENCES public.user_userprofile(id) DEFERRABLE INITIALLY DEFERRED;


--
-- Name: core_uploadphoto core_uploadphoto_report_id_4c2aa451_fk_report_reportdata_id; Type: FK CONSTRAINT; Schema: public; Owner: max
--

ALTER TABLE ONLY public.core_uploadphoto
    ADD CONSTRAINT core_uploadphoto_report_id_4c2aa451_fk_report_reportdata_id FOREIGN KEY (report_id) REFERENCES public.report_reportdata(id) DEFERRABLE INITIALLY DEFERRED;


--
-- Name: core_uploadphoto core_uploadphoto_store_id_ca6a9e23_fk_store_store_id; Type: FK CONSTRAINT; Schema: public; Owner: max
--

ALTER TABLE ONLY public.core_uploadphoto
    ADD CONSTRAINT core_uploadphoto_store_id_ca6a9e23_fk_store_store_id FOREIGN KEY (store_id) REFERENCES public.store_store(id) DEFERRABLE INITIALLY DEFERRED;


--
-- Name: django_admin_log django_admin_log_content_type_id_c4bce8eb_fk_django_co; Type: FK CONSTRAINT; Schema: public; Owner: max
--

ALTER TABLE ONLY public.django_admin_log
    ADD CONSTRAINT django_admin_log_content_type_id_c4bce8eb_fk_django_co FOREIGN KEY (content_type_id) REFERENCES public.django_content_type(id) DEFERRABLE INITIALLY DEFERRED;


--
-- Name: django_admin_log django_admin_log_user_id_c564eba6_fk_user_userprofile_id; Type: FK CONSTRAINT; Schema: public; Owner: max
--

ALTER TABLE ONLY public.django_admin_log
    ADD CONSTRAINT django_admin_log_user_id_c564eba6_fk_user_userprofile_id FOREIGN KEY (user_id) REFERENCES public.user_userprofile(id) DEFERRABLE INITIALLY DEFERRED;


--
-- Name: location_region location_region_city_id_5ccc9525_fk_location_city_id; Type: FK CONSTRAINT; Schema: public; Owner: max
--

ALTER TABLE ONLY public.location_region
    ADD CONSTRAINT location_region_city_id_5ccc9525_fk_location_city_id FOREIGN KEY (city_id) REFERENCES public.location_city(id) DEFERRABLE INITIALLY DEFERRED;


--
-- Name: location_route location_route_agent_id_5f9ac3a4_fk_user_userprofile_id; Type: FK CONSTRAINT; Schema: public; Owner: max
--

ALTER TABLE ONLY public.location_route
    ADD CONSTRAINT location_route_agent_id_5f9ac3a4_fk_user_userprofile_id FOREIGN KEY (agent_id) REFERENCES public.user_userprofile(id) DEFERRABLE INITIALLY DEFERRED;


--
-- Name: location_route location_route_route_region_id_a9834872_fk_location_region_id; Type: FK CONSTRAINT; Schema: public; Owner: max
--

ALTER TABLE ONLY public.location_route
    ADD CONSTRAINT location_route_route_region_id_a9834872_fk_location_region_id FOREIGN KEY (route_region_id) REFERENCES public.location_region(id) DEFERRABLE INITIALLY DEFERRED;


--
-- Name: report_reportdata report_reportdata_owner_id_b2b52fe1_fk_user_userprofile_id; Type: FK CONSTRAINT; Schema: public; Owner: max
--

ALTER TABLE ONLY public.report_reportdata
    ADD CONSTRAINT report_reportdata_owner_id_b2b52fe1_fk_user_userprofile_id FOREIGN KEY (owner_id) REFERENCES public.user_userprofile(id) DEFERRABLE INITIALLY DEFERRED;


--
-- Name: report_reportdata report_reportdata_store_id_f345eb94_fk_store_store_id; Type: FK CONSTRAINT; Schema: public; Owner: max
--

ALTER TABLE ONLY public.report_reportdata
    ADD CONSTRAINT report_reportdata_store_id_f345eb94_fk_store_store_id FOREIGN KEY (store_id) REFERENCES public.store_store(id) DEFERRABLE INITIALLY DEFERRED;


--
-- Name: report_reportitem report_reportitem_report_id_a1b2ad01_fk_report_reportdata_id; Type: FK CONSTRAINT; Schema: public; Owner: max
--

ALTER TABLE ONLY public.report_reportitem
    ADD CONSTRAINT report_reportitem_report_id_a1b2ad01_fk_report_reportdata_id FOREIGN KEY (report_id) REFERENCES public.report_reportdata(id) DEFERRABLE INITIALLY DEFERRED;


--
-- Name: socialaccount_socialtoken socialaccount_social_account_id_951f210e_fk_socialacc; Type: FK CONSTRAINT; Schema: public; Owner: max
--

ALTER TABLE ONLY public.socialaccount_socialtoken
    ADD CONSTRAINT socialaccount_social_account_id_951f210e_fk_socialacc FOREIGN KEY (account_id) REFERENCES public.socialaccount_socialaccount(id) DEFERRABLE INITIALLY DEFERRED;


--
-- Name: socialaccount_socialtoken socialaccount_social_app_id_636a42d7_fk_socialacc; Type: FK CONSTRAINT; Schema: public; Owner: max
--

ALTER TABLE ONLY public.socialaccount_socialtoken
    ADD CONSTRAINT socialaccount_social_app_id_636a42d7_fk_socialacc FOREIGN KEY (app_id) REFERENCES public.socialaccount_socialapp(id) DEFERRABLE INITIALLY DEFERRED;


--
-- Name: socialaccount_socialapp_sites socialaccount_social_site_id_2579dee5_fk_django_si; Type: FK CONSTRAINT; Schema: public; Owner: max
--

ALTER TABLE ONLY public.socialaccount_socialapp_sites
    ADD CONSTRAINT socialaccount_social_site_id_2579dee5_fk_django_si FOREIGN KEY (site_id) REFERENCES public.django_site(id) DEFERRABLE INITIALLY DEFERRED;


--
-- Name: socialaccount_socialapp_sites socialaccount_social_socialapp_id_97fb6e7d_fk_socialacc; Type: FK CONSTRAINT; Schema: public; Owner: max
--

ALTER TABLE ONLY public.socialaccount_socialapp_sites
    ADD CONSTRAINT socialaccount_social_socialapp_id_97fb6e7d_fk_socialacc FOREIGN KEY (socialapp_id) REFERENCES public.socialaccount_socialapp(id) DEFERRABLE INITIALLY DEFERRED;


--
-- Name: socialaccount_socialaccount socialaccount_social_user_id_8146e70c_fk_user_user; Type: FK CONSTRAINT; Schema: public; Owner: max
--

ALTER TABLE ONLY public.socialaccount_socialaccount
    ADD CONSTRAINT socialaccount_social_user_id_8146e70c_fk_user_user FOREIGN KEY (user_id) REFERENCES public.user_userprofile(id) DEFERRABLE INITIALLY DEFERRED;


--
-- Name: store_goodsinstore store_goodsinstore_goods_id_beb2ec37_fk_goods_goods_id; Type: FK CONSTRAINT; Schema: public; Owner: max
--

ALTER TABLE ONLY public.store_goodsinstore
    ADD CONSTRAINT store_goodsinstore_goods_id_beb2ec37_fk_goods_goods_id FOREIGN KEY (goods_id) REFERENCES public.goods_goods(id) DEFERRABLE INITIALLY DEFERRED;


--
-- Name: store_goodsinstore store_goodsinstore_store_id_1c0bc46a_fk_store_store_id; Type: FK CONSTRAINT; Schema: public; Owner: max
--

ALTER TABLE ONLY public.store_goodsinstore
    ADD CONSTRAINT store_goodsinstore_store_id_1c0bc46a_fk_store_store_id FOREIGN KEY (store_id) REFERENCES public.store_store(id) DEFERRABLE INITIALLY DEFERRED;


--
-- Name: store_store store_store_store_region_id_5093a04b_fk_location_region_id; Type: FK CONSTRAINT; Schema: public; Owner: max
--

ALTER TABLE ONLY public.store_store
    ADD CONSTRAINT store_store_store_region_id_5093a04b_fk_location_region_id FOREIGN KEY (store_region_id) REFERENCES public.location_region(id) DEFERRABLE INITIALLY DEFERRED;


--
-- Name: user_userprofile user_userprofile_company_id_273036c4_fk_company_c; Type: FK CONSTRAINT; Schema: public; Owner: max
--

ALTER TABLE ONLY public.user_userprofile
    ADD CONSTRAINT user_userprofile_company_id_273036c4_fk_company_c FOREIGN KEY (company_id) REFERENCES public.company_contractorcompany(id) DEFERRABLE INITIALLY DEFERRED;


--
-- Name: user_userprofile_groups user_userprofile_gro_userprofile_id_49724c40_fk_user_user; Type: FK CONSTRAINT; Schema: public; Owner: max
--

ALTER TABLE ONLY public.user_userprofile_groups
    ADD CONSTRAINT user_userprofile_gro_userprofile_id_49724c40_fk_user_user FOREIGN KEY (userprofile_id) REFERENCES public.user_userprofile(id) DEFERRABLE INITIALLY DEFERRED;


--
-- Name: user_userprofile_groups user_userprofile_groups_group_id_98cc4038_fk_auth_group_id; Type: FK CONSTRAINT; Schema: public; Owner: max
--

ALTER TABLE ONLY public.user_userprofile_groups
    ADD CONSTRAINT user_userprofile_groups_group_id_98cc4038_fk_auth_group_id FOREIGN KEY (group_id) REFERENCES public.auth_group(id) DEFERRABLE INITIALLY DEFERRED;


--
-- Name: user_userprofile_user_permissions user_userprofile_use_permission_id_7f559b23_fk_auth_perm; Type: FK CONSTRAINT; Schema: public; Owner: max
--

ALTER TABLE ONLY public.user_userprofile_user_permissions
    ADD CONSTRAINT user_userprofile_use_permission_id_7f559b23_fk_auth_perm FOREIGN KEY (permission_id) REFERENCES public.auth_permission(id) DEFERRABLE INITIALLY DEFERRED;


--
-- Name: user_userprofile_user_permissions user_userprofile_use_userprofile_id_68dc814c_fk_user_user; Type: FK CONSTRAINT; Schema: public; Owner: max
--

ALTER TABLE ONLY public.user_userprofile_user_permissions
    ADD CONSTRAINT user_userprofile_use_userprofile_id_68dc814c_fk_user_user FOREIGN KEY (userprofile_id) REFERENCES public.user_userprofile(id) DEFERRABLE INITIALLY DEFERRED;


--
-- PostgreSQL database dump complete
--

