[{"model": "contenttypes.contenttype", "pk": 1, "fields": {"app_label": "admin", "model": "logentry"}}, {"model": "contenttypes.contenttype", "pk": 2, "fields": {"app_label": "auth", "model": "permission"}}, {"model": "contenttypes.contenttype", "pk": 3, "fields": {"app_label": "auth", "model": "group"}}, {"model": "contenttypes.contenttype", "pk": 4, "fields": {"app_label": "contenttypes", "model": "contenttype"}}, {"model": "contenttypes.contenttype", "pk": 5, "fields": {"app_label": "sessions", "model": "session"}}, {"model": "contenttypes.contenttype", "pk": 6, "fields": {"app_label": "sites", "model": "site"}}, {"model": "contenttypes.contenttype", "pk": 7, "fields": {"app_label": "authtoken", "model": "token"}}, {"model": "contenttypes.contenttype", "pk": 8, "fields": {"app_label": "account", "model": "emailaddress"}}, {"model": "contenttypes.contenttype", "pk": 9, "fields": {"app_label": "account", "model": "emailconfirmation"}}, {"model": "contenttypes.contenttype", "pk": 10, "fields": {"app_label": "socialaccount", "model": "socialaccount"}}, {"model": "contenttypes.contenttype", "pk": 11, "fields": {"app_label": "socialaccount", "model": "socialapp"}}, {"model": "contenttypes.contenttype", "pk": 12, "fields": {"app_label": "socialaccount", "model": "socialtoken"}}, {"model": "contenttypes.contenttype", "pk": 13, "fields": {"app_label": "core", "model": "uploadphoto"}}, {"model": "contenttypes.contenttype", "pk": 14, "fields": {"app_label": "user", "model": "userprofile"}}, {"model": "contenttypes.contenttype", "pk": 15, "fields": {"app_label": "user", "model": "usergroup"}}, {"model": "contenttypes.contenttype", "pk": 16, "fields": {"app_label": "store", "model": "goodsinstore"}}, {"model": "contenttypes.contenttype", "pk": 17, "fields": {"app_label": "store", "model": "store"}}, {"model": "contenttypes.contenttype", "pk": 18, "fields": {"app_label": "goods", "model": "goods"}}, {"model": "contenttypes.contenttype", "pk": 19, "fields": {"app_label": "report", "model": "reportdata"}}, {"model": "contenttypes.contenttype", "pk": 20, "fields": {"app_label": "report", "model": "reportitem"}}, {"model": "contenttypes.contenttype", "pk": 21, "fields": {"app_label": "company", "model": "company"}}, {"model": "contenttypes.contenttype", "pk": 22, "fields": {"app_label": "company", "model": "contractorcompany"}}, {"model": "contenttypes.contenttype", "pk": 23, "fields": {"app_label": "location", "model": "city"}}, {"model": "contenttypes.contenttype", "pk": 24, "fields": {"app_label": "location", "model": "region"}}, {"model": "contenttypes.contenttype", "pk": 25, "fields": {"app_label": "location", "model": "route"}}, {"model": "contenttypes.contenttype", "pk": 26, "fields": {"app_label": "register", "model": "registerkey"}}, {"model": "sessions.session", "pk": "b46c8vqckfxw7ytice66rqslmyeh0o5d", "fields": {"session_data": "OWY1M2EyNmI4ZjdjODAwYzUxMzQ2N2FmMWU0YTEwNWZlMzk5OTNjNjp7Il9hdXRoX3VzZXJfaWQiOiIxIiwiX2F1dGhfdXNlcl9iYWNrZW5kIjoiZGphbmdvLmNvbnRyaWIuYXV0aC5iYWNrZW5kcy5Nb2RlbEJhY2tlbmQiLCJfYXV0aF91c2VyX2hhc2giOiI2NzlmMDBhNTBlNjcxMGE2NDdhMWRkNjVjZGU1MjA0NWE2ZDQ1NTk3In0=", "expire_date": "2019-01-02T17:01:01.680"}}, {"model": "sessions.session", "pk": "fxgpkjkdxwvdfi8bxup9mmzrwrcj0qc3", "fields": {"session_data": "OWY1M2EyNmI4ZjdjODAwYzUxMzQ2N2FmMWU0YTEwNWZlMzk5OTNjNjp7Il9hdXRoX3VzZXJfaWQiOiIxIiwiX2F1dGhfdXNlcl9iYWNrZW5kIjoiZGphbmdvLmNvbnRyaWIuYXV0aC5iYWNrZW5kcy5Nb2RlbEJhY2tlbmQiLCJfYXV0aF91c2VyX2hhc2giOiI2NzlmMDBhNTBlNjcxMGE2NDdhMWRkNjVjZGU1MjA0NWE2ZDQ1NTk3In0=", "expire_date": "2019-01-01T17:05:57.809"}}, {"model": "sessions.session", "pk": "kdwdbmmjc9zwobrf20rq18kkczkpqqia", "fields": {"session_data": "OWY1M2EyNmI4ZjdjODAwYzUxMzQ2N2FmMWU0YTEwNWZlMzk5OTNjNjp7Il9hdXRoX3VzZXJfaWQiOiIxIiwiX2F1dGhfdXNlcl9iYWNrZW5kIjoiZGphbmdvLmNvbnRyaWIuYXV0aC5iYWNrZW5kcy5Nb2RlbEJhY2tlbmQiLCJfYXV0aF91c2VyX2hhc2giOiI2NzlmMDBhNTBlNjcxMGE2NDdhMWRkNjVjZGU1MjA0NWE2ZDQ1NTk3In0=", "expire_date": "2019-01-06T00:14:13.365"}}, {"model": "sessions.session", "pk": "w2935mbkegm8rgu0wrm1mt5q68wnijcz", "fields": {"session_data": "OWY1M2EyNmI4ZjdjODAwYzUxMzQ2N2FmMWU0YTEwNWZlMzk5OTNjNjp7Il9hdXRoX3VzZXJfaWQiOiIxIiwiX2F1dGhfdXNlcl9iYWNrZW5kIjoiZGphbmdvLmNvbnRyaWIuYXV0aC5iYWNrZW5kcy5Nb2RlbEJhY2tlbmQiLCJfYXV0aF91c2VyX2hhc2giOiI2NzlmMDBhNTBlNjcxMGE2NDdhMWRkNjVjZGU1MjA0NWE2ZDQ1NTk3In0=", "expire_date": "2018-12-25T11:52:44.396"}}, {"model": "sites.site", "pk": 1, "fields": {"domain": "example.com", "name": "example.com"}}, {"model": "store.store", "pk": 1, "fields": {"name": "Billa", "address": "\u0432\u0443\u043b. \u041a\u0438\u0457\u0432\u0441\u044c\u043a\u0430 25", "store_region": 1, "lat": 50.24463, "lon": 28.637525}}, {"model": "store.store", "pk": 2, "fields": {"name": "ATB", "address": "\u0432\u0443\u043b. \u041a\u0438\u0457\u0432\u0441\u044c\u043a\u0430 56", "store_region": 1, "lat": 50.246976, "lon": 28.629061}}, {"model": "store.store", "pk": 3, "fields": {"name": "\u0410\u0448\u0430\u043d", "address": "\u0432\u0443\u043b. \u041f\u043e\u043a\u0440\u043e\u0432\u0441\u044c\u043a\u0430 89", "store_region": 2, "lat": 50.318844, "lon": 28.439109}}, {"model": "store.store", "pk": 4, "fields": {"name": "\u0410\u0422\u0411", "address": "\u0432\u0443\u043b. \u0412\u0430\u0442\u0443\u0442\u0456\u043d\u0430 29", "store_region": 2, "lat": null, "lon": null}}, {"model": "store.store", "pk": 5, "fields": {"name": "\u0423 \u041c\u0430\u043a\u0441\u0430", "address": "\u0432\u0443\u043b. \u0421\u0445\u0456\u0434\u043d\u0430 25", "store_region": 5, "lat": null, "lon": null}}, {"model": "store.goodsinstore", "pk": 1, "fields": {"store": 1, "goods": 1}}, {"model": "store.goodsinstore", "pk": 2, "fields": {"store": 1, "goods": 2}}, {"model": "store.goodsinstore", "pk": 3, "fields": {"store": 2, "goods": 3}}, {"model": "store.goodsinstore", "pk": 4, "fields": {"store": 2, "goods": 1}}, {"model": "store.goodsinstore", "pk": 5, "fields": {"store": 3, "goods": 1}}, {"model": "store.goodsinstore", "pk": 6, "fields": {"store": 3, "goods": 2}}, {"model": "store.goodsinstore", "pk": 7, "fields": {"store": 3, "goods": 3}}, {"model": "store.goodsinstore", "pk": 8, "fields": {"store": 4, "goods": 1}}, {"model": "store.goodsinstore", "pk": 9, "fields": {"store": 4, "goods": 2}}, {"model": "store.goodsinstore", "pk": 10, "fields": {"store": 5, "goods": 2}}, {"model": "store.goodsinstore", "pk": 11, "fields": {"store": 5, "goods": 3}}, {"model": "goods.goods", "pk": 1, "fields": {"name": "\u0417\u043e\u043b\u043e\u0442\u0438\u0439 \u041a\u043b\u044e\u0447\u0438\u043a", "image": "goods/gold_key.jpg", "bar_code": "1212554655", "category": 1}}, {"model": "goods.goods", "pk": 2, "fields": {"name": "\u0421\u0443\u043f\u0435\u0440 \u0428\u043e\u043a\u043e\u043b\u0430\u0434", "image": "goods/super_schoco.jpg", "bar_code": "53457588", "category": 1}}, {"model": "goods.goods", "pk": 3, "fields": {"name": "\u041f\u043b\u043e\u043c\u0431\u0456\u0440", "image": "goods/plombir.jpg", "bar_code": "65468854", "category": 1}}, {"model": "report.reportitem", "pk": 46, "fields": {"name": "\u0417\u043e\u043b\u043e\u0442\u0438\u0439 \u041a\u043b\u044e\u0447\u0438\u043a", "status": false, "report": 22}}, {"model": "report.reportitem", "pk": 47, "fields": {"name": "\u0421\u0443\u043f\u0435\u0440 \u0428\u043e\u043a\u043e\u043b\u0430\u0434", "status": true, "report": 22}}, {"model": "report.reportitem", "pk": 48, "fields": {"name": "\u0417\u043e\u043b\u043e\u0442\u0438\u0439 \u041a\u043b\u044e\u0447\u0438\u043a", "status": true, "report": 23}}, {"model": "report.reportitem", "pk": 49, "fields": {"name": "\u0421\u0443\u043f\u0435\u0440 \u0428\u043e\u043a\u043e\u043b\u0430\u0434", "status": true, "report": 23}}, {"model": "report.reportitem", "pk": 50, "fields": {"name": "\u0417\u043e\u043b\u043e\u0442\u0438\u0439 \u041a\u043b\u044e\u0447\u0438\u043a", "status": true, "report": 24}}, {"model": "report.reportitem", "pk": 51, "fields": {"name": "\u0421\u0443\u043f\u0435\u0440 \u0428\u043e\u043a\u043e\u043b\u0430\u0434", "status": true, "report": 24}}, {"model": "report.reportitem", "pk": 52, "fields": {"name": "\u0417\u043e\u043b\u043e\u0442\u0438\u0439 \u041a\u043b\u044e\u0447\u0438\u043a", "status": true, "report": 25}}, {"model": "report.reportitem", "pk": 53, "fields": {"name": "\u0421\u0443\u043f\u0435\u0440 \u0428\u043e\u043a\u043e\u043b\u0430\u0434", "status": true, "report": 25}}, {"model": "report.reportitem", "pk": 54, "fields": {"name": "\u0417\u043e\u043b\u043e\u0442\u0438\u0439 \u041a\u043b\u044e\u0447\u0438\u043a", "status": true, "report": 26}}, {"model": "report.reportitem", "pk": 55, "fields": {"name": "\u0421\u0443\u043f\u0435\u0440 \u0428\u043e\u043a\u043e\u043b\u0430\u0434", "status": true, "report": 26}}, {"model": "report.reportitem", "pk": 56, "fields": {"name": "\u0417\u043e\u043b\u043e\u0442\u0438\u0439 \u041a\u043b\u044e\u0447\u0438\u043a", "status": true, "report": 27}}, {"model": "report.reportitem", "pk": 57, "fields": {"name": "\u0421\u0443\u043f\u0435\u0440 \u0428\u043e\u043a\u043e\u043b\u0430\u0434", "status": false, "report": 27}}, {"model": "report.reportitem", "pk": 58, "fields": {"name": "\u0417\u043e\u043b\u043e\u0442\u0438\u0439 \u041a\u043b\u044e\u0447\u0438\u043a", "status": false, "report": 28}}, {"model": "report.reportitem", "pk": 59, "fields": {"name": "\u0421\u0443\u043f\u0435\u0440 \u0428\u043e\u043a\u043e\u043b\u0430\u0434", "status": false, "report": 28}}, {"model": "report.reportitem", "pk": 60, "fields": {"name": "\u0417\u043e\u043b\u043e\u0442\u0438\u0439 \u041a\u043b\u044e\u0447\u0438\u043a", "status": false, "report": 29}}, {"model": "report.reportitem", "pk": 61, "fields": {"name": "\u0421\u0443\u043f\u0435\u0440 \u0428\u043e\u043a\u043e\u043b\u0430\u0434", "status": false, "report": 29}}, {"model": "report.reportitem", "pk": 62, "fields": {"name": "\u0417\u043e\u043b\u043e\u0442\u0438\u0439 \u041a\u043b\u044e\u0447\u0438\u043a", "status": false, "report": 30}}, {"model": "report.reportitem", "pk": 63, "fields": {"name": "\u0421\u0443\u043f\u0435\u0440 \u0428\u043e\u043a\u043e\u043b\u0430\u0434", "status": false, "report": 30}}, {"model": "company.company", "pk": 1, "fields": {"name": "\u0420\u0443\u0434\u044c", "license": 1}}, {"model": "company.contractorcompany", "pk": 1, "fields": {"name": "\u041f\u043e\u043b\u0456\u0441\u0441\u044f", "parent": 1}}, {"model": "company.contractorcompany", "pk": 2, "fields": {"name": "\u041a\u0438\u0457\u0432\u041c\u0435\u043d\u0435\u0434\u0436\u043c\u0435\u043d\u0442", "parent": 1}}, {"model": "location.city", "pk": 1, "fields": {"name": "\u041a\u0438\u0457\u0432"}}, {"model": "location.city", "pk": 2, "fields": {"name": "\u0416\u0438\u0442\u043e\u043c\u0438\u0440"}}, {"model": "location.region", "pk": 1, "fields": {"city": 1, "region": "\u0413\u043e\u043b\u043e\u0441\u0456\u0457\u0432\u0441\u044c\u043a\u0438\u0439"}}, {"model": "location.region", "pk": 2, "fields": {"city": 2, "region": "\u0411\u043e\u0433\u0443\u043d\u0441\u044c\u043a\u0438\u0439"}}, {"model": "location.region", "pk": 3, "fields": {"city": 1, "region": "\u0412\u0430\u0441\u0438\u043b\u044c\u043a\u0456\u0432\u0441\u044c\u043a\u0438\u0439"}}, {"model": "location.region", "pk": 4, "fields": {"city": 2, "region": "\u041a\u0440\u043e\u0448\u0435\u043d\u0441\u044c\u043a\u0438\u0439"}}, {"model": "location.region", "pk": 5, "fields": {"city": 2, "region": "\u041a\u043e\u0440\u0431\u0443\u0442\u0456\u0432\u043a\u0430"}}, {"model": "location.region", "pk": 6, "fields": {"city": 1, "region": "\u041f\u043e\u0434\u043e\u043b"}}, {"model": "auth.permission", "pk": 1, "fields": {"name": "Can add log entry", "content_type": 1, "codename": "add_logentry"}}, {"model": "auth.permission", "pk": 2, "fields": {"name": "Can change log entry", "content_type": 1, "codename": "change_logentry"}}, {"model": "auth.permission", "pk": 3, "fields": {"name": "Can delete log entry", "content_type": 1, "codename": "delete_logentry"}}, {"model": "auth.permission", "pk": 4, "fields": {"name": "Can view log entry", "content_type": 1, "codename": "view_logentry"}}, {"model": "auth.permission", "pk": 5, "fields": {"name": "Can add permission", "content_type": 2, "codename": "add_permission"}}, {"model": "auth.permission", "pk": 6, "fields": {"name": "Can change permission", "content_type": 2, "codename": "change_permission"}}, {"model": "auth.permission", "pk": 7, "fields": {"name": "Can delete permission", "content_type": 2, "codename": "delete_permission"}}, {"model": "auth.permission", "pk": 8, "fields": {"name": "Can view permission", "content_type": 2, "codename": "view_permission"}}, {"model": "auth.permission", "pk": 9, "fields": {"name": "Can add group", "content_type": 3, "codename": "add_group"}}, {"model": "auth.permission", "pk": 10, "fields": {"name": "Can change group", "content_type": 3, "codename": "change_group"}}, {"model": "auth.permission", "pk": 11, "fields": {"name": "Can delete group", "content_type": 3, "codename": "delete_group"}}, {"model": "auth.permission", "pk": 12, "fields": {"name": "Can view group", "content_type": 3, "codename": "view_group"}}, {"model": "auth.permission", "pk": 13, "fields": {"name": "Can add content type", "content_type": 4, "codename": "add_contenttype"}}, {"model": "auth.permission", "pk": 14, "fields": {"name": "Can change content type", "content_type": 4, "codename": "change_contenttype"}}, {"model": "auth.permission", "pk": 15, "fields": {"name": "Can delete content type", "content_type": 4, "codename": "delete_contenttype"}}, {"model": "auth.permission", "pk": 16, "fields": {"name": "Can view content type", "content_type": 4, "codename": "view_contenttype"}}, {"model": "auth.permission", "pk": 17, "fields": {"name": "Can add session", "content_type": 5, "codename": "add_session"}}, {"model": "auth.permission", "pk": 18, "fields": {"name": "Can change session", "content_type": 5, "codename": "change_session"}}, {"model": "auth.permission", "pk": 19, "fields": {"name": "Can delete session", "content_type": 5, "codename": "delete_session"}}, {"model": "auth.permission", "pk": 20, "fields": {"name": "Can view session", "content_type": 5, "codename": "view_session"}}, {"model": "auth.permission", "pk": 21, "fields": {"name": "Can add site", "content_type": 6, "codename": "add_site"}}, {"model": "auth.permission", "pk": 22, "fields": {"name": "Can change site", "content_type": 6, "codename": "change_site"}}, {"model": "auth.permission", "pk": 23, "fields": {"name": "Can delete site", "content_type": 6, "codename": "delete_site"}}, {"model": "auth.permission", "pk": 24, "fields": {"name": "Can view site", "content_type": 6, "codename": "view_site"}}, {"model": "auth.permission", "pk": 25, "fields": {"name": "Can add Token", "content_type": 7, "codename": "add_token"}}, {"model": "auth.permission", "pk": 26, "fields": {"name": "Can change Token", "content_type": 7, "codename": "change_token"}}, {"model": "auth.permission", "pk": 27, "fields": {"name": "Can delete Token", "content_type": 7, "codename": "delete_token"}}, {"model": "auth.permission", "pk": 28, "fields": {"name": "Can view Token", "content_type": 7, "codename": "view_token"}}, {"model": "auth.permission", "pk": 29, "fields": {"name": "Can add email address", "content_type": 8, "codename": "add_emailaddress"}}, {"model": "auth.permission", "pk": 30, "fields": {"name": "Can change email address", "content_type": 8, "codename": "change_emailaddress"}}, {"model": "auth.permission", "pk": 31, "fields": {"name": "Can delete email address", "content_type": 8, "codename": "delete_emailaddress"}}, {"model": "auth.permission", "pk": 32, "fields": {"name": "Can view email address", "content_type": 8, "codename": "view_emailaddress"}}, {"model": "auth.permission", "pk": 33, "fields": {"name": "Can add email confirmation", "content_type": 9, "codename": "add_emailconfirmation"}}, {"model": "auth.permission", "pk": 34, "fields": {"name": "Can change email confirmation", "content_type": 9, "codename": "change_emailconfirmation"}}, {"model": "auth.permission", "pk": 35, "fields": {"name": "Can delete email confirmation", "content_type": 9, "codename": "delete_emailconfirmation"}}, {"model": "auth.permission", "pk": 36, "fields": {"name": "Can view email confirmation", "content_type": 9, "codename": "view_emailconfirmation"}}, {"model": "auth.permission", "pk": 37, "fields": {"name": "Can add social account", "content_type": 10, "codename": "add_socialaccount"}}, {"model": "auth.permission", "pk": 38, "fields": {"name": "Can change social account", "content_type": 10, "codename": "change_socialaccount"}}, {"model": "auth.permission", "pk": 39, "fields": {"name": "Can delete social account", "content_type": 10, "codename": "delete_socialaccount"}}, {"model": "auth.permission", "pk": 40, "fields": {"name": "Can view social account", "content_type": 10, "codename": "view_socialaccount"}}, {"model": "auth.permission", "pk": 41, "fields": {"name": "Can add social application", "content_type": 11, "codename": "add_socialapp"}}, {"model": "auth.permission", "pk": 42, "fields": {"name": "Can change social application", "content_type": 11, "codename": "change_socialapp"}}, {"model": "auth.permission", "pk": 43, "fields": {"name": "Can delete social application", "content_type": 11, "codename": "delete_socialapp"}}, {"model": "auth.permission", "pk": 44, "fields": {"name": "Can view social application", "content_type": 11, "codename": "view_socialapp"}}, {"model": "auth.permission", "pk": 45, "fields": {"name": "Can add social application token", "content_type": 12, "codename": "add_socialtoken"}}, {"model": "auth.permission", "pk": 46, "fields": {"name": "Can change social application token", "content_type": 12, "codename": "change_socialtoken"}}, {"model": "auth.permission", "pk": 47, "fields": {"name": "Can delete social application token", "content_type": 12, "codename": "delete_socialtoken"}}, {"model": "auth.permission", "pk": 48, "fields": {"name": "Can view social application token", "content_type": 12, "codename": "view_socialtoken"}}, {"model": "auth.permission", "pk": 49, "fields": {"name": "Can add \u0417\u0430\u0432\u0430\u043d\u0442\u0430\u0436\u0435\u043d\u0435 \u0444\u043e\u0442\u043e", "content_type": 13, "codename": "add_uploadphoto"}}, {"model": "auth.permission", "pk": 50, "fields": {"name": "Can change \u0417\u0430\u0432\u0430\u043d\u0442\u0430\u0436\u0435\u043d\u0435 \u0444\u043e\u0442\u043e", "content_type": 13, "codename": "change_uploadphoto"}}, {"model": "auth.permission", "pk": 51, "fields": {"name": "Can delete \u0417\u0430\u0432\u0430\u043d\u0442\u0430\u0436\u0435\u043d\u0435 \u0444\u043e\u0442\u043e", "content_type": 13, "codename": "delete_uploadphoto"}}, {"model": "auth.permission", "pk": 52, "fields": {"name": "Can view \u0417\u0430\u0432\u0430\u043d\u0442\u0430\u0436\u0435\u043d\u0435 \u0444\u043e\u0442\u043e", "content_type": 13, "codename": "view_uploadphoto"}}, {"model": "auth.permission", "pk": 53, "fields": {"name": "Can add \u041a\u043e\u0440\u0438\u0441\u0442\u0443\u0432\u0430\u0447", "content_type": 14, "codename": "add_userprofile"}}, {"model": "auth.permission", "pk": 54, "fields": {"name": "Can change \u041a\u043e\u0440\u0438\u0441\u0442\u0443\u0432\u0430\u0447", "content_type": 14, "codename": "change_userprofile"}}, {"model": "auth.permission", "pk": 55, "fields": {"name": "Can delete \u041a\u043e\u0440\u0438\u0441\u0442\u0443\u0432\u0430\u0447", "content_type": 14, "codename": "delete_userprofile"}}, {"model": "auth.permission", "pk": 56, "fields": {"name": "Can view \u041a\u043e\u0440\u0438\u0441\u0442\u0443\u0432\u0430\u0447", "content_type": 14, "codename": "view_userprofile"}}, {"model": "auth.permission", "pk": 57, "fields": {"name": "Can add \u0413\u0440\u0443\u043f\u0430", "content_type": 3, "codename": "add_usergroup"}}, {"model": "auth.permission", "pk": 58, "fields": {"name": "Can change \u0413\u0440\u0443\u043f\u0430", "content_type": 3, "codename": "change_usergroup"}}, {"model": "auth.permission", "pk": 59, "fields": {"name": "Can delete \u0413\u0440\u0443\u043f\u0430", "content_type": 3, "codename": "delete_usergroup"}}, {"model": "auth.permission", "pk": 60, "fields": {"name": "Can view \u0413\u0440\u0443\u043f\u0430", "content_type": 3, "codename": "view_usergroup"}}, {"model": "auth.permission", "pk": 61, "fields": {"name": "Can add \u0422\u043e\u0440\u0433\u043e\u0432\u0430 \u0442\u043e\u0447\u043a\u0430 - \u0422\u043e\u0432\u0430\u0440", "content_type": 16, "codename": "add_goodsinstore"}}, {"model": "auth.permission", "pk": 62, "fields": {"name": "Can change \u0422\u043e\u0440\u0433\u043e\u0432\u0430 \u0442\u043e\u0447\u043a\u0430 - \u0422\u043e\u0432\u0430\u0440", "content_type": 16, "codename": "change_goodsinstore"}}, {"model": "auth.permission", "pk": 63, "fields": {"name": "Can delete \u0422\u043e\u0440\u0433\u043e\u0432\u0430 \u0442\u043e\u0447\u043a\u0430 - \u0422\u043e\u0432\u0430\u0440", "content_type": 16, "codename": "delete_goodsinstore"}}, {"model": "auth.permission", "pk": 64, "fields": {"name": "Can view \u0422\u043e\u0440\u0433\u043e\u0432\u0430 \u0442\u043e\u0447\u043a\u0430 - \u0422\u043e\u0432\u0430\u0440", "content_type": 16, "codename": "view_goodsinstore"}}, {"model": "auth.permission", "pk": 65, "fields": {"name": "Can add \u0422\u043e\u0440\u0433\u043e\u0432\u0430 \u0442\u043e\u0447\u043a\u0430", "content_type": 17, "codename": "add_store"}}, {"model": "auth.permission", "pk": 66, "fields": {"name": "Can change \u0422\u043e\u0440\u0433\u043e\u0432\u0430 \u0442\u043e\u0447\u043a\u0430", "content_type": 17, "codename": "change_store"}}, {"model": "auth.permission", "pk": 67, "fields": {"name": "Can delete \u0422\u043e\u0440\u0433\u043e\u0432\u0430 \u0442\u043e\u0447\u043a\u0430", "content_type": 17, "codename": "delete_store"}}, {"model": "auth.permission", "pk": 68, "fields": {"name": "Can view \u0422\u043e\u0440\u0433\u043e\u0432\u0430 \u0442\u043e\u0447\u043a\u0430", "content_type": 17, "codename": "view_store"}}, {"model": "auth.permission", "pk": 69, "fields": {"name": "Can add \u0422\u043e\u0432\u0430\u0440", "content_type": 18, "codename": "add_goods"}}, {"model": "auth.permission", "pk": 70, "fields": {"name": "Can change \u0422\u043e\u0432\u0430\u0440", "content_type": 18, "codename": "change_goods"}}, {"model": "auth.permission", "pk": 71, "fields": {"name": "Can delete \u0422\u043e\u0432\u0430\u0440", "content_type": 18, "codename": "delete_goods"}}, {"model": "auth.permission", "pk": 72, "fields": {"name": "Can view \u0422\u043e\u0432\u0430\u0440", "content_type": 18, "codename": "view_goods"}}, {"model": "auth.permission", "pk": 73, "fields": {"name": "Can add \u0417\u0432\u0456\u0442", "content_type": 19, "codename": "add_reportdata"}}, {"model": "auth.permission", "pk": 74, "fields": {"name": "Can change \u0417\u0432\u0456\u0442", "content_type": 19, "codename": "change_reportdata"}}, {"model": "auth.permission", "pk": 75, "fields": {"name": "Can delete \u0417\u0432\u0456\u0442", "content_type": 19, "codename": "delete_reportdata"}}, {"model": "auth.permission", "pk": 76, "fields": {"name": "Can view \u0417\u0432\u0456\u0442", "content_type": 19, "codename": "view_reportdata"}}, {"model": "auth.permission", "pk": 77, "fields": {"name": "Can add \u0422\u043e\u0432\u0430\u0440 - \u0417\u0432\u0456\u0442", "content_type": 20, "codename": "add_reportitem"}}, {"model": "auth.permission", "pk": 78, "fields": {"name": "Can change \u0422\u043e\u0432\u0430\u0440 - \u0417\u0432\u0456\u0442", "content_type": 20, "codename": "change_reportitem"}}, {"model": "auth.permission", "pk": 79, "fields": {"name": "Can delete \u0422\u043e\u0432\u0430\u0440 - \u0417\u0432\u0456\u0442", "content_type": 20, "codename": "delete_reportitem"}}, {"model": "auth.permission", "pk": 80, "fields": {"name": "Can view \u0422\u043e\u0432\u0430\u0440 - \u0417\u0432\u0456\u0442", "content_type": 20, "codename": "view_reportitem"}}, {"model": "auth.permission", "pk": 81, "fields": {"name": "Can add \u041f\u0456\u0434\u0440\u0438\u0454\u043c\u0441\u0442\u0432\u043e", "content_type": 21, "codename": "add_company"}}, {"model": "auth.permission", "pk": 82, "fields": {"name": "Can change \u041f\u0456\u0434\u0440\u0438\u0454\u043c\u0441\u0442\u0432\u043e", "content_type": 21, "codename": "change_company"}}, {"model": "auth.permission", "pk": 83, "fields": {"name": "Can delete \u041f\u0456\u0434\u0440\u0438\u0454\u043c\u0441\u0442\u0432\u043e", "content_type": 21, "codename": "delete_company"}}, {"model": "auth.permission", "pk": 84, "fields": {"name": "Can view \u041f\u0456\u0434\u0440\u0438\u0454\u043c\u0441\u0442\u0432\u043e", "content_type": 21, "codename": "view_company"}}, {"model": "auth.permission", "pk": 85, "fields": {"name": "Can add \u041a\u043e\u043d\u0442\u0440\u0430\u0433\u0435\u043d\u0442", "content_type": 22, "codename": "add_contractorcompany"}}, {"model": "auth.permission", "pk": 86, "fields": {"name": "Can change \u041a\u043e\u043d\u0442\u0440\u0430\u0433\u0435\u043d\u0442", "content_type": 22, "codename": "change_contractorcompany"}}, {"model": "auth.permission", "pk": 87, "fields": {"name": "Can delete \u041a\u043e\u043d\u0442\u0440\u0430\u0433\u0435\u043d\u0442", "content_type": 22, "codename": "delete_contractorcompany"}}, {"model": "auth.permission", "pk": 88, "fields": {"name": "Can view \u041a\u043e\u043d\u0442\u0440\u0430\u0433\u0435\u043d\u0442", "content_type": 22, "codename": "view_contractorcompany"}}, {"model": "auth.permission", "pk": 89, "fields": {"name": "Can add \u041c\u0456\u0441\u0442\u043e", "content_type": 23, "codename": "add_city"}}, {"model": "auth.permission", "pk": 90, "fields": {"name": "Can change \u041c\u0456\u0441\u0442\u043e", "content_type": 23, "codename": "change_city"}}, {"model": "auth.permission", "pk": 91, "fields": {"name": "Can delete \u041c\u0456\u0441\u0442\u043e", "content_type": 23, "codename": "delete_city"}}, {"model": "auth.permission", "pk": 92, "fields": {"name": "Can view \u041c\u0456\u0441\u0442\u043e", "content_type": 23, "codename": "view_city"}}, {"model": "auth.permission", "pk": 93, "fields": {"name": "Can add \u0420\u0430\u0439\u043e\u043d", "content_type": 24, "codename": "add_region"}}, {"model": "auth.permission", "pk": 94, "fields": {"name": "Can change \u0420\u0430\u0439\u043e\u043d", "content_type": 24, "codename": "change_region"}}, {"model": "auth.permission", "pk": 95, "fields": {"name": "Can delete \u0420\u0430\u0439\u043e\u043d", "content_type": 24, "codename": "delete_region"}}, {"model": "auth.permission", "pk": 96, "fields": {"name": "Can view \u0420\u0430\u0439\u043e\u043d", "content_type": 24, "codename": "view_region"}}, {"model": "auth.permission", "pk": 97, "fields": {"name": "Can add \u041c\u0430\u0440\u0448\u0440\u0443\u0442", "content_type": 25, "codename": "add_route"}}, {"model": "auth.permission", "pk": 98, "fields": {"name": "Can change \u041c\u0430\u0440\u0448\u0440\u0443\u0442", "content_type": 25, "codename": "change_route"}}, {"model": "auth.permission", "pk": 99, "fields": {"name": "Can delete \u041c\u0430\u0440\u0448\u0440\u0443\u0442", "content_type": 25, "codename": "delete_route"}}, {"model": "auth.permission", "pk": 100, "fields": {"name": "Can view \u041c\u0430\u0440\u0448\u0440\u0443\u0442", "content_type": 25, "codename": "view_route"}}, {"model": "auth.permission", "pk": 101, "fields": {"name": "Can add \u041a\u043b\u044e\u0447 \u0420\u0435\u0454\u0441\u0442\u0440\u0430\u0446\u0456", "content_type": 26, "codename": "add_registerkey"}}, {"model": "auth.permission", "pk": 102, "fields": {"name": "Can change \u041a\u043b\u044e\u0447 \u0420\u0435\u0454\u0441\u0442\u0440\u0430\u0446\u0456", "content_type": 26, "codename": "change_registerkey"}}, {"model": "auth.permission", "pk": 103, "fields": {"name": "Can delete \u041a\u043b\u044e\u0447 \u0420\u0435\u0454\u0441\u0442\u0440\u0430\u0446\u0456", "content_type": 26, "codename": "delete_registerkey"}}, {"model": "auth.permission", "pk": 104, "fields": {"name": "Can view \u041a\u043b\u044e\u0447 \u0420\u0435\u0454\u0441\u0442\u0440\u0430\u0446\u0456", "content_type": 26, "codename": "view_registerkey"}}, {"model": "user.userprofile", "pk": 1, "fields": {"password": "pbkdf2_sha256$120000$OBNZliZ69b6d$LLJfaPn1F0D1twEUVdQQPr39wyHb6/fk3EHA8Ll0C4w=", "last_login": "2018-12-23T00:14:13.293", "is_superuser": true, "username": "admin", "first_name": "\u041c\u0430\u043a\u0441\u0438\u043c", "last_name": "\u0420\u0443\u0434\u044e\u043a", "email": "maksym.rudiuk@gmail.com", "is_staff": true, "is_active": true, "date_joined": "2018-12-06T10:16:28", "user_photo": "", "phone": "", "company": null, "role": 3, "groups": [], "user_permissions": []}}, {"model": "user.userprofile", "pk": 2, "fields": {"password": "pbkdf2_sha256$120000$LEWrsAKdB7Ch$oImQ8kIF+oiKkEfHgiVGIMw5nQ7d2vYVui1g2lCxUhs=", "last_login": "2018-12-18T17:34:35.609", "is_superuser": false, "username": "vitaliy", "first_name": "\u0412\u0456\u0442\u0430\u043b\u0456\u0439", "last_name": "\u041d\u0456\u043a\u0456\u0442\u0447\u0438\u043d", "email": "", "is_staff": false, "is_active": true, "date_joined": "2018-12-06T10:18:51", "user_photo": "", "phone": "", "company": 2, "role": 3, "groups": [], "user_permissions": []}}, {"model": "user.userprofile", "pk": 3, "fields": {"password": "pbkdf2_sha256$120000$Aas2kyCOSskR$8IwSlxqWbsL6noOh8A0z7gS2y49YhVFlemejY42nqNU=", "last_login": "2018-12-18T17:05:18.262", "is_superuser": false, "username": "artem", "first_name": "\u0410\u0440\u0442\u0435\u043c", "last_name": "\u0421\u0430\u0437\u043e\u043d\u043e\u0432", "email": "", "is_staff": false, "is_active": true, "date_joined": "2018-12-06T10:20:27", "user_photo": "", "phone": "", "company": 1, "role": 3, "groups": [], "user_permissions": []}}, {"model": "user.userprofile", "pk": 4, "fields": {"password": "pbkdf2_sha256$120000$TVDuBLLwTR4o$DXTI+npPj+n3rmFhjKXyqiaN3kj6IXT/2vHGYuiKWNE=", "last_login": "2018-12-18T17:25:21.041", "is_superuser": false, "username": "glograni", "first_name": "\u0418\u0433\u043e\u0440\u044c", "last_name": "\u041a\u043e\u0432\u0430\u043b\u0451\u0432", "email": "", "is_staff": false, "is_active": true, "date_joined": "2018-12-18T16:51:57", "user_photo": "", "phone": "", "company": 1, "role": 1, "groups": [], "user_permissions": []}}, {"model": "user.userprofile", "pk": 5, "fields": {"password": "pbkdf2_sha256$120000$FdVonPXloVVj$+rT0qjY1UINpM11lTJ3SgDFbHHjWF4WFdGr3DyoE3LQ=", "last_login": null, "is_superuser": false, "username": "rackbart", "first_name": "\u0412\u043b\u0430\u0441\u043e\u0432", "last_name": "\u0411\u0435\u0441\u043f\u0430\u043b\u043e\u0432", "email": "", "is_staff": false, "is_active": true, "date_joined": "2018-12-18T16:52:15", "user_photo": "", "phone": "", "company": 2, "role": 1, "groups": [], "user_permissions": []}}, {"model": "user.userprofile", "pk": 6, "fields": {"password": "pbkdf2_sha256$120000$kmzty1xINCyw$tlzO8bmi4cqw9B0YNpyQtc5z8UNmN2oBpxA+pIYn/8Y=", "last_login": null, "is_superuser": false, "username": "torthear", "first_name": "\u0410\u043b\u0435\u043a\u0441\u0430\u043d\u0434\u0440", "last_name": "\u0417\u0438\u043d\u043e\u0432\u044c\u0435\u0432", "email": "", "is_staff": false, "is_active": true, "date_joined": "2018-12-18T16:52:33", "user_photo": "", "phone": "", "company": 2, "role": 1, "groups": [], "user_permissions": []}}, {"model": "user.userprofile", "pk": 7, "fields": {"password": "pbkdf2_sha256$120000$QuV3u69nwIXt$LfoqOUC7YAYzb7OuGkBDkjZw1c0JzerDx7O8b0sdH5k=", "last_login": null, "is_superuser": false, "username": "cabloque", "first_name": "\u0418\u0432\u0430\u043d", "last_name": "\u0422\u0438\u0442\u043e\u0432", "email": "", "is_staff": false, "is_active": true, "date_joined": "2018-12-18T16:52:47", "user_photo": "", "phone": "", "company": 1, "role": 1, "groups": [], "user_permissions": []}}, {"model": "user.userprofile", "pk": 8, "fields": {"password": "pbkdf2_sha256$120000$c3yPv0bZniWs$xmO+jkgyxr12kn6GJgumlVkTuPIyafHD4nwLihoz+gE=", "last_login": null, "is_superuser": false, "username": "matinght", "first_name": "\u041f\u0451\u0442\u0440", "last_name": "\u0412\u043b\u0430\u0441\u043e\u0432", "email": "", "is_staff": false, "is_active": true, "date_joined": "2018-12-18T16:53:05", "user_photo": "", "phone": "", "company": 1, "role": 1, "groups": [], "user_permissions": []}}, {"model": "user.userprofile", "pk": 9, "fields": {"password": "pbkdf2_sha256$120000$RnXrZRXHMDV5$WwWVZuP82odA3wyrXuNndsuqFlYPRpoI0OdGzhwebCA=", "last_login": null, "is_superuser": false, "username": "orkenate", "first_name": "\u0413\u043b\u0435\u0431", "last_name": "\u0422\u0443\u0440\u043e\u0432", "email": "", "is_staff": false, "is_active": true, "date_joined": "2018-12-18T16:53:26", "user_photo": "", "phone": "", "company": 2, "role": 1, "groups": [], "user_permissions": []}}, {"model": "report.reportdata", "pk": 22, "fields": {"name": "report_oIuE4e", "store": 1, "t_start": "9.30", "t_finish": "9.50", "t_delta": "20", "owner": 4, "assortment_percent": 50, "created_at": "2018-12-18T16:28:51"}}, {"model": "report.reportdata", "pk": 23, "fields": {"name": "report_ZHfiS5", "store": 1, "t_start": "9.30", "t_finish": "9.50", "t_delta": "20", "owner": 5, "assortment_percent": 100, "created_at": "2018-12-18T17:14:03.974"}}, {"model": "report.reportdata", "pk": 24, "fields": {"name": "report_faxMil", "store": 1, "t_start": "9.30", "t_finish": "9.50", "t_delta": "20", "owner": 6, "assortment_percent": 100, "created_at": "2018-12-18T17:14:17.228"}}, {"model": "report.reportdata", "pk": 25, "fields": {"name": "report_YD9Kxj", "store": 1, "t_start": "9.30", "t_finish": "9.50", "t_delta": "20", "owner": 7, "assortment_percent": 100, "created_at": "2018-12-18T17:14:27.019"}}, {"model": "report.reportdata", "pk": 26, "fields": {"name": "report_4zDjft", "store": 1, "t_start": "9.30", "t_finish": "9.50", "t_delta": "20", "owner": 8, "assortment_percent": 100, "created_at": "2018-12-18T17:14:33.243"}}, {"model": "report.reportdata", "pk": 27, "fields": {"name": "report_USfSi9", "store": 1, "t_start": "9.30", "t_finish": "9.50", "t_delta": "20", "owner": 9, "assortment_percent": 50, "created_at": "2018-12-18T17:14:49"}}, {"model": "report.reportdata", "pk": 28, "fields": {"name": "report_oYGj8m", "store": 4, "t_start": "\"23-12-2018 00:18 +0200\"", "t_finish": "\"23-12-2018 00:18 +0200\"", "t_delta": "\"00:00\"", "owner": 4, "assortment_percent": 0, "created_at": "2018-12-23T00:19:08.553"}}, {"model": "report.reportdata", "pk": 29, "fields": {"name": "report_ah5Q15", "store": 4, "t_start": "\"23-12-2018 00:22 +0200\"", "t_finish": "\"23-12-2018 00:22 +0200\"", "t_delta": "\"00:00\"", "owner": 4, "assortment_percent": 0, "created_at": "2018-12-23T00:29:51.482"}}, {"model": "report.reportdata", "pk": 30, "fields": {"name": "report_5HXX82", "store": 4, "t_start": "\"23-12-2018 00:30 +0200\"", "t_finish": "\"23-12-2018 00:32 +0200\"", "t_delta": "\"00:02\"", "owner": 4, "assortment_percent": 0, "created_at": "2018-12-23T00:32:21.046"}}, {"model": "location.route", "pk": 1, "fields": {"agent": 6, "route_region": 1, "created": "2018-12-06T10:21:42"}}, {"model": "location.route", "pk": 2, "fields": {"agent": 4, "route_region": 2, "created": "2018-12-06T10:21:49"}}, {"model": "location.route", "pk": 3, "fields": {"agent": 5, "route_region": 1, "created": "2018-12-11T12:24:54"}}, {"model": "location.route", "pk": 4, "fields": {"agent": 9, "route_region": 6, "created": "2018-12-19T17:08:18"}}, {"model": "location.route", "pk": 5, "fields": {"agent": 7, "route_region": 4, "created": "2018-12-19T17:08:50"}}, {"model": "location.route", "pk": 6, "fields": {"agent": 8, "route_region": 5, "created": "2018-12-19T17:08:59"}}, {"model": "core.uploadphoto", "pk": 1, "fields": {"file": "uploads/test.jpg", "owner": 1, "store": 1, "report": 27, "created_at": "2018-12-18T14:22:01"}}, {"model": "core.uploadphoto", "pk": 2, "fields": {"file": "uploads/super.jpg", "owner": 1, "store": 1, "report": 27, "created_at": "2018-12-18T14:22:32"}}, {"model": "core.uploadphoto", "pk": 3, "fields": {"file": "uploads/14348378985753_4.jpeg", "owner": 4, "store": null, "report": null, "created_at": "2018-12-23T00:13:31.170"}}, {"model": "core.uploadphoto", "pk": 4, "fields": {"file": "uploads/18736883538982_4.jpeg", "owner": 4, "store": null, "report": null, "created_at": "2018-12-23T00:13:31.350"}}, {"model": "core.uploadphoto", "pk": 5, "fields": {"file": "uploads/18737326279636_4.jpeg", "owner": 4, "store": null, "report": null, "created_at": "2018-12-23T00:13:31.468"}}, {"model": "core.uploadphoto", "pk": 6, "fields": {"file": "uploads/19192052699245_4.jpeg", "owner": 4, "store": 4, "report": 28, "created_at": "2018-12-23T00:19:06"}}, {"model": "core.uploadphoto", "pk": 7, "fields": {"file": "uploads/19194248293474_4.jpeg", "owner": 4, "store": 4, "report": 28, "created_at": "2018-12-23T00:19:06"}}, {"model": "core.uploadphoto", "pk": 8, "fields": {"file": "uploads/19405079292972_4.jpeg", "owner": 4, "store": null, "report": 29, "created_at": "2018-12-23T00:29:50.511"}}, {"model": "core.uploadphoto", "pk": 9, "fields": {"file": "uploads/19415299102926_4.jpeg", "owner": 4, "store": null, "report": 29, "created_at": "2018-12-23T00:29:50.630"}}, {"model": "core.uploadphoto", "pk": 10, "fields": {"file": "uploads/19879794031241_4.jpeg", "owner": 4, "store": null, "report": 30, "created_at": "2018-12-23T00:32:19.151"}}, {"model": "core.uploadphoto", "pk": 11, "fields": {"file": "uploads/19904900530723_4.jpeg", "owner": 4, "store": null, "report": 30, "created_at": "2018-12-23T00:32:19.277"}}, {"model": "core.uploadphoto", "pk": 12, "fields": {"file": "uploads/19961227490228_4.jpeg", "owner": 4, "store": null, "report": 30, "created_at": "2018-12-23T00:32:19.383"}}, {"model": "core.uploadphoto", "pk": 13, "fields": {"file": "uploads/19989690033093_4.jpeg", "owner": 4, "store": null, "report": 30, "created_at": "2018-12-23T00:32:19.517"}}, {"model": "admin.logentry", "pk": 1, "fields": {"action_time": "2018-12-06T10:17:44.476", "user": 1, "content_type": 18, "object_id": "1", "object_repr": "\u0417\u043e\u043b\u043e\u0442\u0438\u0439 \u041a\u043b\u044e\u0447\u0438\u043a", "action_flag": 1, "change_message": "[{\"added\": {}}]"}}, {"model": "admin.logentry", "pk": 2, "fields": {"action_time": "2018-12-06T10:18:00.042", "user": 1, "content_type": 18, "object_id": "2", "object_repr": "\u0421\u0443\u043f\u0435\u0440 \u0428\u043e\u043a\u043e\u043b\u0430\u0434", "action_flag": 1, "change_message": "[{\"added\": {}}]"}}, {"model": "admin.logentry", "pk": 3, "fields": {"action_time": "2018-12-06T10:18:15.114", "user": 1, "content_type": 18, "object_id": "3", "object_repr": "\u041f\u043b\u043e\u043c\u0431\u0456\u0440", "action_flag": 1, "change_message": "[{\"added\": {}}]"}}, {"model": "admin.logentry", "pk": 4, "fields": {"action_time": "2018-12-06T10:18:51.836", "user": 1, "content_type": 14, "object_id": "2", "object_repr": "vitaliy", "action_flag": 1, "change_message": "[{\"added\": {}}]"}}, {"model": "admin.logentry", "pk": 5, "fields": {"action_time": "2018-12-06T10:20:01.168", "user": 1, "content_type": 14, "object_id": "2", "object_repr": "vitaliy", "action_flag": 2, "change_message": "[{\"changed\": {\"fields\": [\"first_name\", \"last_name\", \"role\"]}}]"}}, {"model": "admin.logentry", "pk": 6, "fields": {"action_time": "2018-12-06T10:20:27.742", "user": 1, "content_type": 14, "object_id": "3", "object_repr": "artem", "action_flag": 1, "change_message": "[{\"added\": {}}]"}}, {"model": "admin.logentry", "pk": 7, "fields": {"action_time": "2018-12-06T10:20:43.703", "user": 1, "content_type": 14, "object_id": "3", "object_repr": "artem", "action_flag": 2, "change_message": "[{\"changed\": {\"fields\": [\"first_name\", \"last_name\", \"role\"]}}]"}}, {"model": "admin.logentry", "pk": 8, "fields": {"action_time": "2018-12-06T10:21:06.005", "user": 1, "content_type": 23, "object_id": "1", "object_repr": "\u041a\u0438\u0457\u0432", "action_flag": 1, "change_message": "[{\"added\": {}}]"}}, {"model": "admin.logentry", "pk": 9, "fields": {"action_time": "2018-12-06T10:21:12.377", "user": 1, "content_type": 23, "object_id": "2", "object_repr": "\u0416\u0438\u0442\u043e\u043c\u0438\u0440", "action_flag": 1, "change_message": "[{\"added\": {}}]"}}, {"model": "admin.logentry", "pk": 10, "fields": {"action_time": "2018-12-06T10:21:27.655", "user": 1, "content_type": 24, "object_id": "1", "object_repr": "\u041a\u0438\u0457\u0432, \u0413\u043e\u043b\u043e\u0441\u0456\u0457\u0432\u0441\u044c\u043a\u0438\u0439", "action_flag": 1, "change_message": "[{\"added\": {}}]"}}, {"model": "admin.logentry", "pk": 11, "fields": {"action_time": "2018-12-06T10:21:38.031", "user": 1, "content_type": 24, "object_id": "2", "object_repr": "\u0416\u0438\u0442\u043e\u043c\u0438\u0440, \u0411\u043e\u0433\u0443\u043d\u0441\u044c\u043a\u0438\u0439", "action_flag": 1, "change_message": "[{\"added\": {}}]"}}, {"model": "admin.logentry", "pk": 12, "fields": {"action_time": "2018-12-06T10:21:47.847", "user": 1, "content_type": 25, "object_id": "1", "object_repr": "artem - \u041a\u0438\u0457\u0432, \u0413\u043e\u043b\u043e\u0441\u0456\u0457\u0432\u0441\u044c\u043a\u0438\u0439", "action_flag": 1, "change_message": "[{\"added\": {}}]"}}, {"model": "admin.logentry", "pk": 13, "fields": {"action_time": "2018-12-06T10:21:56.397", "user": 1, "content_type": 25, "object_id": "2", "object_repr": "vitaliy - \u0416\u0438\u0442\u043e\u043c\u0438\u0440, \u0411\u043e\u0433\u0443\u043d\u0441\u044c\u043a\u0438\u0439", "action_flag": 1, "change_message": "[{\"added\": {}}]"}}, {"model": "admin.logentry", "pk": 14, "fields": {"action_time": "2018-12-06T10:22:26.811", "user": 1, "content_type": 14, "object_id": "1", "object_repr": "admin", "action_flag": 2, "change_message": "[{\"changed\": {\"fields\": [\"first_name\", \"last_name\", \"role\"]}}]"}}, {"model": "admin.logentry", "pk": 15, "fields": {"action_time": "2018-12-06T10:24:24.523", "user": 1, "content_type": 17, "object_id": "1", "object_repr": "Billa  \u0432\u0443\u043b. \u041a\u0438\u0457\u0432\u0441\u044c\u043a\u0430", "action_flag": 1, "change_message": "[{\"added\": {}}, {\"added\": {\"name\": \"\\u0422\\u043e\\u0440\\u0433\\u043e\\u0432\\u0430 \\u0442\\u043e\\u0447\\u043a\\u0430 - \\u0422\\u043e\\u0432\\u0430\\u0440\", \"object\": \"\\u0417\\u043e\\u043b\\u043e\\u0442\\u0438\\u0439 \\u041a\\u043b\\u044e\\u0447\\u0438\\u043a - Billa  \\u0432\\u0443\\u043b. \\u041a\\u0438\\u0457\\u0432\\u0441\\u044c\\u043a\\u0430\"}}, {\"added\": {\"name\": \"\\u0422\\u043e\\u0440\\u0433\\u043e\\u0432\\u0430 \\u0442\\u043e\\u0447\\u043a\\u0430 - \\u0422\\u043e\\u0432\\u0430\\u0440\", \"object\": \"\\u0421\\u0443\\u043f\\u0435\\u0440 \\u0428\\u043e\\u043a\\u043e\\u043b\\u0430\\u0434 - Billa  \\u0432\\u0443\\u043b. \\u041a\\u0438\\u0457\\u0432\\u0441\\u044c\\u043a\\u0430\"}}]"}}, {"model": "admin.logentry", "pk": 16, "fields": {"action_time": "2018-12-06T10:24:48.645", "user": 1, "content_type": 17, "object_id": "2", "object_repr": "ATB  \u0432\u0443\u043b. \u041a\u0438\u0457\u0432\u0441\u044c\u043a\u0430 56", "action_flag": 1, "change_message": "[{\"added\": {}}]"}}, {"model": "admin.logentry", "pk": 17, "fields": {"action_time": "2018-12-06T10:24:55.504", "user": 1, "content_type": 17, "object_id": "1", "object_repr": "Billa  \u0432\u0443\u043b. \u041a\u0438\u0457\u0432\u0441\u044c\u043a\u0430 25", "action_flag": 2, "change_message": "[{\"changed\": {\"fields\": [\"address\"]}}]"}}, {"model": "admin.logentry", "pk": 18, "fields": {"action_time": "2018-12-06T10:25:06.145", "user": 1, "content_type": 17, "object_id": "2", "object_repr": "ATB  \u0432\u0443\u043b. \u041a\u0438\u0457\u0432\u0441\u044c\u043a\u0430 56", "action_flag": 2, "change_message": "[{\"added\": {\"name\": \"\\u0422\\u043e\\u0440\\u0433\\u043e\\u0432\\u0430 \\u0442\\u043e\\u0447\\u043a\\u0430 - \\u0422\\u043e\\u0432\\u0430\\u0440\", \"object\": \"\\u041f\\u043b\\u043e\\u043c\\u0431\\u0456\\u0440 - ATB  \\u0432\\u0443\\u043b. \\u041a\\u0438\\u0457\\u0432\\u0441\\u044c\\u043a\\u0430 56\"}}, {\"added\": {\"name\": \"\\u0422\\u043e\\u0440\\u0433\\u043e\\u0432\\u0430 \\u0442\\u043e\\u0447\\u043a\\u0430 - \\u0422\\u043e\\u0432\\u0430\\u0440\", \"object\": \"\\u0417\\u043e\\u043b\\u043e\\u0442\\u0438\\u0439 \\u041a\\u043b\\u044e\\u0447\\u0438\\u043a - ATB  \\u0432\\u0443\\u043b. \\u041a\\u0438\\u0457\\u0432\\u0441\\u044c\\u043a\\u0430 56\"}}]"}}, {"model": "admin.logentry", "pk": 19, "fields": {"action_time": "2018-12-06T10:25:29.388", "user": 1, "content_type": 17, "object_id": "3", "object_repr": "\u0410\u0448\u0430\u043d  \u0432\u0443\u043b. \u041f\u043e\u043a\u0440\u043e\u0432\u0441\u044c\u043a\u0430 89", "action_flag": 1, "change_message": "[{\"added\": {}}, {\"added\": {\"name\": \"\\u0422\\u043e\\u0440\\u0433\\u043e\\u0432\\u0430 \\u0442\\u043e\\u0447\\u043a\\u0430 - \\u0422\\u043e\\u0432\\u0430\\u0440\", \"object\": \"\\u0417\\u043e\\u043b\\u043e\\u0442\\u0438\\u0439 \\u041a\\u043b\\u044e\\u0447\\u0438\\u043a - \\u0410\\u0448\\u0430\\u043d  \\u0432\\u0443\\u043b. \\u041f\\u043e\\u043a\\u0440\\u043e\\u0432\\u0441\\u044c\\u043a\\u0430 89\"}}, {\"added\": {\"name\": \"\\u0422\\u043e\\u0440\\u0433\\u043e\\u0432\\u0430 \\u0442\\u043e\\u0447\\u043a\\u0430 - \\u0422\\u043e\\u0432\\u0430\\u0440\", \"object\": \"\\u0421\\u0443\\u043f\\u0435\\u0440 \\u0428\\u043e\\u043a\\u043e\\u043b\\u0430\\u0434 - \\u0410\\u0448\\u0430\\u043d  \\u0432\\u0443\\u043b. \\u041f\\u043e\\u043a\\u0440\\u043e\\u0432\\u0441\\u044c\\u043a\\u0430 89\"}}, {\"added\": {\"name\": \"\\u0422\\u043e\\u0440\\u0433\\u043e\\u0432\\u0430 \\u0442\\u043e\\u0447\\u043a\\u0430 - \\u0422\\u043e\\u0432\\u0430\\u0440\", \"object\": \"\\u041f\\u043b\\u043e\\u043c\\u0431\\u0456\\u0440 - \\u0410\\u0448\\u0430\\u043d  \\u0432\\u0443\\u043b. \\u041f\\u043e\\u043a\\u0440\\u043e\\u0432\\u0441\\u044c\\u043a\\u0430 89\"}}]"}}, {"model": "admin.logentry", "pk": 20, "fields": {"action_time": "2018-12-11T12:24:46.234", "user": 1, "content_type": 24, "object_id": "3", "object_repr": "\u041a\u0438\u0457\u0432, \u0412\u0430\u0441\u0438\u043b\u044c\u043a\u0456\u0432\u0441\u044c\u043a\u0438\u0439", "action_flag": 1, "change_message": "[{\"added\": {}}]"}}, {"model": "admin.logentry", "pk": 21, "fields": {"action_time": "2018-12-11T12:25:00.417", "user": 1, "content_type": 25, "object_id": "3", "object_repr": "admin - \u041a\u0438\u0457\u0432, \u0412\u0430\u0441\u0438\u043b\u044c\u043a\u0456\u0432\u0441\u044c\u043a\u0438\u0439", "action_flag": 1, "change_message": "[{\"added\": {}}]"}}, {"model": "admin.logentry", "pk": 22, "fields": {"action_time": "2018-12-14T17:56:16.384", "user": 1, "content_type": 13, "object_id": "10", "object_repr": "UploadPhoto object (10)", "action_flag": 3, "change_message": ""}}, {"model": "admin.logentry", "pk": 23, "fields": {"action_time": "2018-12-14T17:56:16.506", "user": 1, "content_type": 13, "object_id": "9", "object_repr": "UploadPhoto object (9)", "action_flag": 3, "change_message": ""}}, {"model": "admin.logentry", "pk": 24, "fields": {"action_time": "2018-12-14T17:56:16.606", "user": 1, "content_type": 13, "object_id": "8", "object_repr": "UploadPhoto object (8)", "action_flag": 3, "change_message": ""}}, {"model": "admin.logentry", "pk": 25, "fields": {"action_time": "2018-12-14T17:56:16.695", "user": 1, "content_type": 13, "object_id": "7", "object_repr": "UploadPhoto object (7)", "action_flag": 3, "change_message": ""}}, {"model": "admin.logentry", "pk": 26, "fields": {"action_time": "2018-12-14T17:56:16.806", "user": 1, "content_type": 13, "object_id": "6", "object_repr": "UploadPhoto object (6)", "action_flag": 3, "change_message": ""}}, {"model": "admin.logentry", "pk": 27, "fields": {"action_time": "2018-12-14T17:56:16.894", "user": 1, "content_type": 13, "object_id": "5", "object_repr": "UploadPhoto object (5)", "action_flag": 3, "change_message": ""}}, {"model": "admin.logentry", "pk": 28, "fields": {"action_time": "2018-12-14T17:56:17.006", "user": 1, "content_type": 13, "object_id": "4", "object_repr": "UploadPhoto object (4)", "action_flag": 3, "change_message": ""}}, {"model": "admin.logentry", "pk": 29, "fields": {"action_time": "2018-12-14T17:56:17.095", "user": 1, "content_type": 13, "object_id": "3", "object_repr": "UploadPhoto object (3)", "action_flag": 3, "change_message": ""}}, {"model": "admin.logentry", "pk": 30, "fields": {"action_time": "2018-12-14T17:56:17.183", "user": 1, "content_type": 13, "object_id": "2", "object_repr": "UploadPhoto object (2)", "action_flag": 3, "change_message": ""}}, {"model": "admin.logentry", "pk": 31, "fields": {"action_time": "2018-12-14T17:56:17.283", "user": 1, "content_type": 13, "object_id": "1", "object_repr": "UploadPhoto object (1)", "action_flag": 3, "change_message": ""}}, {"model": "admin.logentry", "pk": 32, "fields": {"action_time": "2018-12-14T18:17:16.874", "user": 1, "content_type": 13, "object_id": "12", "object_repr": "UploadPhoto object (12)", "action_flag": 3, "change_message": ""}}, {"model": "admin.logentry", "pk": 33, "fields": {"action_time": "2018-12-14T18:17:16.992", "user": 1, "content_type": 13, "object_id": "11", "object_repr": "UploadPhoto object (11)", "action_flag": 3, "change_message": ""}}, {"model": "admin.logentry", "pk": 34, "fields": {"action_time": "2018-12-14T18:18:58.036", "user": 1, "content_type": 18, "object_id": "3", "object_repr": "\u041f\u043b\u043e\u043c\u0431\u0456\u0440", "action_flag": 2, "change_message": "[{\"changed\": {\"fields\": [\"image\"]}}]"}}, {"model": "admin.logentry", "pk": 35, "fields": {"action_time": "2018-12-14T18:19:06.227", "user": 1, "content_type": 18, "object_id": "2", "object_repr": "\u0421\u0443\u043f\u0435\u0440 \u0428\u043e\u043a\u043e\u043b\u0430\u0434", "action_flag": 2, "change_message": "[{\"changed\": {\"fields\": [\"image\"]}}]"}}, {"model": "admin.logentry", "pk": 36, "fields": {"action_time": "2018-12-14T18:19:14.791", "user": 1, "content_type": 18, "object_id": "1", "object_repr": "\u0417\u043e\u043b\u043e\u0442\u0438\u0439 \u041a\u043b\u044e\u0447\u0438\u043a", "action_flag": 2, "change_message": "[{\"changed\": {\"fields\": [\"image\"]}}]"}}, {"model": "admin.logentry", "pk": 37, "fields": {"action_time": "2018-12-18T13:06:14.318", "user": 1, "content_type": 13, "object_id": "33", "object_repr": "UploadPhoto object (33)", "action_flag": 3, "change_message": ""}}, {"model": "admin.logentry", "pk": 38, "fields": {"action_time": "2018-12-18T13:06:14.458", "user": 1, "content_type": 13, "object_id": "32", "object_repr": "UploadPhoto object (32)", "action_flag": 3, "change_message": ""}}, {"model": "admin.logentry", "pk": 39, "fields": {"action_time": "2018-12-18T13:06:14.535", "user": 1, "content_type": 13, "object_id": "31", "object_repr": "UploadPhoto object (31)", "action_flag": 3, "change_message": ""}}, {"model": "admin.logentry", "pk": 40, "fields": {"action_time": "2018-12-18T13:06:14.616", "user": 1, "content_type": 13, "object_id": "30", "object_repr": "UploadPhoto object (30)", "action_flag": 3, "change_message": ""}}, {"model": "admin.logentry", "pk": 41, "fields": {"action_time": "2018-12-18T13:06:14.724", "user": 1, "content_type": 13, "object_id": "29", "object_repr": "UploadPhoto object (29)", "action_flag": 3, "change_message": ""}}, {"model": "admin.logentry", "pk": 42, "fields": {"action_time": "2018-12-18T13:06:14.802", "user": 1, "content_type": 13, "object_id": "28", "object_repr": "UploadPhoto object (28)", "action_flag": 3, "change_message": ""}}, {"model": "admin.logentry", "pk": 43, "fields": {"action_time": "2018-12-18T13:06:14.868", "user": 1, "content_type": 13, "object_id": "27", "object_repr": "UploadPhoto object (27)", "action_flag": 3, "change_message": ""}}, {"model": "admin.logentry", "pk": 44, "fields": {"action_time": "2018-12-18T13:06:14.935", "user": 1, "content_type": 13, "object_id": "26", "object_repr": "UploadPhoto object (26)", "action_flag": 3, "change_message": ""}}, {"model": "admin.logentry", "pk": 45, "fields": {"action_time": "2018-12-18T13:06:15.024", "user": 1, "content_type": 13, "object_id": "25", "object_repr": "UploadPhoto object (25)", "action_flag": 3, "change_message": ""}}, {"model": "admin.logentry", "pk": 46, "fields": {"action_time": "2018-12-18T13:06:15.113", "user": 1, "content_type": 13, "object_id": "24", "object_repr": "UploadPhoto object (24)", "action_flag": 3, "change_message": ""}}, {"model": "admin.logentry", "pk": 47, "fields": {"action_time": "2018-12-18T13:06:15.257", "user": 1, "content_type": 13, "object_id": "23", "object_repr": "UploadPhoto object (23)", "action_flag": 3, "change_message": ""}}, {"model": "admin.logentry", "pk": 48, "fields": {"action_time": "2018-12-18T13:06:15.335", "user": 1, "content_type": 13, "object_id": "22", "object_repr": "UploadPhoto object (22)", "action_flag": 3, "change_message": ""}}, {"model": "admin.logentry", "pk": 49, "fields": {"action_time": "2018-12-18T13:06:15.424", "user": 1, "content_type": 13, "object_id": "21", "object_repr": "UploadPhoto object (21)", "action_flag": 3, "change_message": ""}}, {"model": "admin.logentry", "pk": 50, "fields": {"action_time": "2018-12-18T13:06:15.502", "user": 1, "content_type": 13, "object_id": "20", "object_repr": "UploadPhoto object (20)", "action_flag": 3, "change_message": ""}}, {"model": "admin.logentry", "pk": 51, "fields": {"action_time": "2018-12-18T13:06:15.602", "user": 1, "content_type": 13, "object_id": "19", "object_repr": "UploadPhoto object (19)", "action_flag": 3, "change_message": ""}}, {"model": "admin.logentry", "pk": 52, "fields": {"action_time": "2018-12-18T13:06:15.691", "user": 1, "content_type": 13, "object_id": "18", "object_repr": "UploadPhoto object (18)", "action_flag": 3, "change_message": ""}}, {"model": "admin.logentry", "pk": 53, "fields": {"action_time": "2018-12-18T13:06:15.780", "user": 1, "content_type": 13, "object_id": "17", "object_repr": "UploadPhoto object (17)", "action_flag": 3, "change_message": ""}}, {"model": "admin.logentry", "pk": 54, "fields": {"action_time": "2018-12-18T13:06:15.891", "user": 1, "content_type": 13, "object_id": "16", "object_repr": "UploadPhoto object (16)", "action_flag": 3, "change_message": ""}}, {"model": "admin.logentry", "pk": 55, "fields": {"action_time": "2018-12-18T13:06:15.969", "user": 1, "content_type": 13, "object_id": "15", "object_repr": "UploadPhoto object (15)", "action_flag": 3, "change_message": ""}}, {"model": "admin.logentry", "pk": 56, "fields": {"action_time": "2018-12-18T13:06:16.046", "user": 1, "content_type": 13, "object_id": "14", "object_repr": "UploadPhoto object (14)", "action_flag": 3, "change_message": ""}}, {"model": "admin.logentry", "pk": 57, "fields": {"action_time": "2018-12-18T13:06:16.146", "user": 1, "content_type": 13, "object_id": "13", "object_repr": "UploadPhoto object (13)", "action_flag": 3, "change_message": ""}}, {"model": "admin.logentry", "pk": 58, "fields": {"action_time": "2018-12-18T13:06:38.664", "user": 1, "content_type": 19, "object_id": "8", "object_repr": "wmed2tbcZ9", "action_flag": 3, "change_message": ""}}, {"model": "admin.logentry", "pk": 59, "fields": {"action_time": "2018-12-18T13:06:38.883", "user": 1, "content_type": 19, "object_id": "7", "object_repr": "i08BlQAbz4", "action_flag": 3, "change_message": ""}}, {"model": "admin.logentry", "pk": 60, "fields": {"action_time": "2018-12-18T13:06:38.983", "user": 1, "content_type": 19, "object_id": "6", "object_repr": "P5zvc0XH1Z", "action_flag": 3, "change_message": ""}}, {"model": "admin.logentry", "pk": 61, "fields": {"action_time": "2018-12-18T13:06:39.061", "user": 1, "content_type": 19, "object_id": "5", "object_repr": "acdfMKJFy9", "action_flag": 3, "change_message": ""}}, {"model": "admin.logentry", "pk": 62, "fields": {"action_time": "2018-12-18T13:06:39.161", "user": 1, "content_type": 19, "object_id": "4", "object_repr": "17gGNdzsmi", "action_flag": 3, "change_message": ""}}, {"model": "admin.logentry", "pk": 63, "fields": {"action_time": "2018-12-18T13:06:39.239", "user": 1, "content_type": 19, "object_id": "3", "object_repr": "9heJf71Xp7", "action_flag": 3, "change_message": ""}}, {"model": "admin.logentry", "pk": 64, "fields": {"action_time": "2018-12-18T13:06:39.338", "user": 1, "content_type": 19, "object_id": "2", "object_repr": "zZxapX2ZfZ", "action_flag": 3, "change_message": ""}}, {"model": "admin.logentry", "pk": 65, "fields": {"action_time": "2018-12-18T13:06:39.461", "user": 1, "content_type": 19, "object_id": "1", "object_repr": "gpAR6VF2X5", "action_flag": 3, "change_message": ""}}, {"model": "admin.logentry", "pk": 66, "fields": {"action_time": "2018-12-18T13:23:01.649", "user": 1, "content_type": 13, "object_id": "1", "object_repr": "UploadPhoto object (1)", "action_flag": 1, "change_message": "[{\"added\": {}}]"}}, {"model": "admin.logentry", "pk": 67, "fields": {"action_time": "2018-12-18T13:23:11.070", "user": 1, "content_type": 13, "object_id": "2", "object_repr": "UploadPhoto object (2)", "action_flag": 1, "change_message": "[{\"added\": {}}]"}}, {"model": "admin.logentry", "pk": 68, "fields": {"action_time": "2018-12-18T13:35:34.712", "user": 1, "content_type": 19, "object_id": "13", "object_repr": "pieyWlmjDw", "action_flag": 3, "change_message": ""}}, {"model": "admin.logentry", "pk": 69, "fields": {"action_time": "2018-12-18T13:35:34.793", "user": 1, "content_type": 19, "object_id": "12", "object_repr": "rG82HEUhDN", "action_flag": 3, "change_message": ""}}, {"model": "admin.logentry", "pk": 70, "fields": {"action_time": "2018-12-18T13:35:34.926", "user": 1, "content_type": 19, "object_id": "11", "object_repr": "lRNYypFxVj", "action_flag": 3, "change_message": ""}}, {"model": "admin.logentry", "pk": 71, "fields": {"action_time": "2018-12-18T13:35:35.026", "user": 1, "content_type": 19, "object_id": "10", "object_repr": "dtR4DsdLy1", "action_flag": 3, "change_message": ""}}, {"model": "admin.logentry", "pk": 72, "fields": {"action_time": "2018-12-18T13:35:35.104", "user": 1, "content_type": 19, "object_id": "9", "object_repr": "m6kwUYsVtV", "action_flag": 3, "change_message": ""}}, {"model": "admin.logentry", "pk": 73, "fields": {"action_time": "2018-12-18T13:37:30.031", "user": 1, "content_type": 19, "object_id": "14", "object_repr": "b5vStRi5O0", "action_flag": 2, "change_message": "[{\"changed\": {\"name\": \"\\u0417\\u0430\\u0432\\u0430\\u043d\\u0442\\u0430\\u0436\\u0435\\u043d\\u0435 \\u0444\\u043e\\u0442\\u043e\", \"object\": \"UploadPhoto object (1)\", \"fields\": [\"store\"]}}, {\"changed\": {\"name\": \"\\u0417\\u0430\\u0432\\u0430\\u043d\\u0442\\u0430\\u0436\\u0435\\u043d\\u0435 \\u0444\\u043e\\u0442\\u043e\", \"object\": \"UploadPhoto object (2)\", \"fields\": [\"owner\"]}}]"}}, {"model": "admin.logentry", "pk": 74, "fields": {"action_time": "2018-12-18T13:52:26.924", "user": 1, "content_type": 19, "object_id": "15", "object_repr": "aOUjw1aL3v", "action_flag": 3, "change_message": ""}}, {"model": "admin.logentry", "pk": 75, "fields": {"action_time": "2018-12-18T13:52:27.031", "user": 1, "content_type": 19, "object_id": "14", "object_repr": "b5vStRi5O0", "action_flag": 3, "change_message": ""}}, {"model": "admin.logentry", "pk": 76, "fields": {"action_time": "2018-12-18T14:15:23.156", "user": 1, "content_type": 13, "object_id": "3", "object_repr": "UploadPhoto object (3)", "action_flag": 1, "change_message": "[{\"added\": {}}]"}}, {"model": "admin.logentry", "pk": 77, "fields": {"action_time": "2018-12-18T14:15:33.128", "user": 1, "content_type": 13, "object_id": "4", "object_repr": "UploadPhoto object (4)", "action_flag": 1, "change_message": "[{\"added\": {}}]"}}, {"model": "admin.logentry", "pk": 78, "fields": {"action_time": "2018-12-18T14:17:42.261", "user": 1, "content_type": 19, "object_id": "16", "object_repr": "DA6ihYuHv0", "action_flag": 3, "change_message": ""}}, {"model": "admin.logentry", "pk": 79, "fields": {"action_time": "2018-12-18T14:19:09.815", "user": 1, "content_type": 19, "object_id": "17", "object_repr": "wSiPbd2hzp", "action_flag": 3, "change_message": ""}}, {"model": "admin.logentry", "pk": 80, "fields": {"action_time": "2018-12-18T14:19:18.885", "user": 1, "content_type": 13, "object_id": "4", "object_repr": "UploadPhoto object (4)", "action_flag": 3, "change_message": ""}}, {"model": "admin.logentry", "pk": 81, "fields": {"action_time": "2018-12-18T14:19:18.981", "user": 1, "content_type": 13, "object_id": "3", "object_repr": "UploadPhoto object (3)", "action_flag": 3, "change_message": ""}}, {"model": "admin.logentry", "pk": 82, "fields": {"action_time": "2018-12-18T14:22:09.693", "user": 1, "content_type": 13, "object_id": "1", "object_repr": "UploadPhoto object (1)", "action_flag": 1, "change_message": "[{\"added\": {}}]"}}, {"model": "admin.logentry", "pk": 83, "fields": {"action_time": "2018-12-18T14:22:45.674", "user": 1, "content_type": 13, "object_id": "2", "object_repr": "UploadPhoto object (2)", "action_flag": 1, "change_message": "[{\"added\": {}}]"}}, {"model": "admin.logentry", "pk": 84, "fields": {"action_time": "2018-12-18T14:23:15.792", "user": 1, "content_type": 18, "object_id": "3", "object_repr": "\u041f\u043b\u043e\u043c\u0431\u0456\u0440", "action_flag": 2, "change_message": "[{\"changed\": {\"fields\": [\"image\"]}}]"}}, {"model": "admin.logentry", "pk": 85, "fields": {"action_time": "2018-12-18T14:23:20.951", "user": 1, "content_type": 18, "object_id": "2", "object_repr": "\u0421\u0443\u043f\u0435\u0440 \u0428\u043e\u043a\u043e\u043b\u0430\u0434", "action_flag": 2, "change_message": "[{\"changed\": {\"fields\": [\"image\"]}}]"}}, {"model": "admin.logentry", "pk": 86, "fields": {"action_time": "2018-12-18T14:23:30.598", "user": 1, "content_type": 18, "object_id": "1", "object_repr": "\u0417\u043e\u043b\u043e\u0442\u0438\u0439 \u041a\u043b\u044e\u0447\u0438\u043a", "action_flag": 2, "change_message": "[{\"changed\": {\"fields\": [\"image\"]}}]"}}, {"model": "admin.logentry", "pk": 87, "fields": {"action_time": "2018-12-18T14:25:38.003", "user": 1, "content_type": 19, "object_id": "18", "object_repr": "F57IrRjaQI", "action_flag": 3, "change_message": ""}}, {"model": "admin.logentry", "pk": 88, "fields": {"action_time": "2018-12-18T14:26:10.937", "user": 1, "content_type": 19, "object_id": "19", "object_repr": "l6LGdke2ax", "action_flag": 3, "change_message": ""}}, {"model": "admin.logentry", "pk": 89, "fields": {"action_time": "2018-12-18T14:27:46.754", "user": 1, "content_type": 19, "object_id": "20", "object_repr": "rreport_Ireport_jreport_Areport_Ireport_U", "action_flag": 3, "change_message": ""}}, {"model": "admin.logentry", "pk": 90, "fields": {"action_time": "2018-12-18T14:29:00.722", "user": 1, "content_type": 19, "object_id": "21", "object_repr": "xreport_ureport_hreport_hreport_Dreport_q", "action_flag": 3, "change_message": ""}}, {"model": "admin.logentry", "pk": 91, "fields": {"action_time": "2018-12-18T14:48:56.629", "user": 1, "content_type": 19, "object_id": "22", "object_repr": "report_oIuE4e", "action_flag": 2, "change_message": "[{\"changed\": {\"fields\": [\"created_at\"]}}]"}}, {"model": "admin.logentry", "pk": 92, "fields": {"action_time": "2018-12-18T14:52:09.693", "user": 1, "content_type": 19, "object_id": "22", "object_repr": "report_oIuE4e", "action_flag": 2, "change_message": "[{\"changed\": {\"fields\": [\"created_at\"]}}]"}}, {"model": "admin.logentry", "pk": 93, "fields": {"action_time": "2018-12-18T16:39:24.505", "user": 1, "content_type": 21, "object_id": "1", "object_repr": "\u0420\u0443\u0434\u044c", "action_flag": 1, "change_message": "[{\"added\": {}}, {\"added\": {\"name\": \"\\u041a\\u043e\\u043d\\u0442\\u0440\\u0430\\u0433\\u0435\\u043d\\u0442\", \"object\": \"\\u041f\\u043e\\u043b\\u0456\\u0441\\u0441\\u044f (\\u0420\\u0443\\u0434\\u044c)\"}}, {\"added\": {\"name\": \"\\u041a\\u043e\\u043d\\u0442\\u0440\\u0430\\u0433\\u0435\\u043d\\u0442\", \"object\": \"\\u041a\\u0438\\u0457\\u0432\\u041c\\u0435\\u043d\\u0435\\u0434\\u0436\\u043c\\u0435\\u043d\\u0442 (\\u0420\\u0443\\u0434\\u044c)\"}}]"}}, {"model": "admin.logentry", "pk": 94, "fields": {"action_time": "2018-12-18T16:50:29.698", "user": 1, "content_type": 14, "object_id": "3", "object_repr": "artem", "action_flag": 2, "change_message": "[{\"changed\": {\"fields\": [\"password\"]}}]"}}, {"model": "admin.logentry", "pk": 95, "fields": {"action_time": "2018-12-18T16:50:45.650", "user": 1, "content_type": 14, "object_id": "2", "object_repr": "vitaliy", "action_flag": 2, "change_message": "[{\"changed\": {\"fields\": [\"password\"]}}]"}}, {"model": "admin.logentry", "pk": 96, "fields": {"action_time": "2018-12-18T16:51:09.205", "user": 1, "content_type": 14, "object_id": "3", "object_repr": "artem", "action_flag": 2, "change_message": "[{\"changed\": {\"fields\": [\"company\", \"role\"]}}]"}}, {"model": "admin.logentry", "pk": 97, "fields": {"action_time": "2018-12-18T16:51:19.050", "user": 1, "content_type": 14, "object_id": "2", "object_repr": "vitaliy", "action_flag": 2, "change_message": "[{\"changed\": {\"fields\": [\"company\", \"role\"]}}]"}}, {"model": "admin.logentry", "pk": 98, "fields": {"action_time": "2018-12-18T16:51:57.580", "user": 1, "content_type": 14, "object_id": "4", "object_repr": "glograni", "action_flag": 1, "change_message": "[{\"added\": {}}]"}}, {"model": "admin.logentry", "pk": 99, "fields": {"action_time": "2018-12-18T16:52:03.930", "user": 1, "content_type": 14, "object_id": "4", "object_repr": "glograni", "action_flag": 2, "change_message": "[]"}}, {"model": "admin.logentry", "pk": 100, "fields": {"action_time": "2018-12-18T16:52:16.049", "user": 1, "content_type": 14, "object_id": "5", "object_repr": "rackbart", "action_flag": 1, "change_message": "[{\"added\": {}}]"}}, {"model": "admin.logentry", "pk": 101, "fields": {"action_time": "2018-12-18T16:52:20.957", "user": 1, "content_type": 14, "object_id": "5", "object_repr": "rackbart", "action_flag": 2, "change_message": "[]"}}, {"model": "admin.logentry", "pk": 102, "fields": {"action_time": "2018-12-18T16:52:34.163", "user": 1, "content_type": 14, "object_id": "6", "object_repr": "torthear", "action_flag": 1, "change_message": "[{\"added\": {}}]"}}, {"model": "admin.logentry", "pk": 103, "fields": {"action_time": "2018-12-18T16:52:38.666", "user": 1, "content_type": 14, "object_id": "6", "object_repr": "torthear", "action_flag": 2, "change_message": "[]"}}, {"model": "admin.logentry", "pk": 104, "fields": {"action_time": "2018-12-18T16:52:48.132", "user": 1, "content_type": 14, "object_id": "7", "object_repr": "cabloque", "action_flag": 1, "change_message": "[{\"added\": {}}]"}}, {"model": "admin.logentry", "pk": 105, "fields": {"action_time": "2018-12-18T16:52:58.085", "user": 1, "content_type": 14, "object_id": "7", "object_repr": "cabloque", "action_flag": 2, "change_message": "[]"}}, {"model": "admin.logentry", "pk": 106, "fields": {"action_time": "2018-12-18T16:53:06.152", "user": 1, "content_type": 14, "object_id": "8", "object_repr": "matinght", "action_flag": 1, "change_message": "[{\"added\": {}}]"}}, {"model": "admin.logentry", "pk": 107, "fields": {"action_time": "2018-12-18T16:53:08.911", "user": 1, "content_type": 14, "object_id": "8", "object_repr": "matinght", "action_flag": 2, "change_message": "[]"}}, {"model": "admin.logentry", "pk": 108, "fields": {"action_time": "2018-12-18T16:53:26.398", "user": 1, "content_type": 14, "object_id": "9", "object_repr": "orkenate", "action_flag": 1, "change_message": "[{\"added\": {}}]"}}, {"model": "admin.logentry", "pk": 109, "fields": {"action_time": "2018-12-18T16:54:44.931", "user": 1, "content_type": 14, "object_id": "9", "object_repr": "orkenate", "action_flag": 2, "change_message": "[{\"changed\": {\"fields\": [\"first_name\", \"last_name\"]}}]"}}, {"model": "admin.logentry", "pk": 110, "fields": {"action_time": "2018-12-18T16:54:59.661", "user": 1, "content_type": 14, "object_id": "7", "object_repr": "cabloque", "action_flag": 2, "change_message": "[{\"changed\": {\"fields\": [\"first_name\", \"last_name\"]}}]"}}, {"model": "admin.logentry", "pk": 111, "fields": {"action_time": "2018-12-18T16:55:12.068", "user": 1, "content_type": 14, "object_id": "4", "object_repr": "glograni", "action_flag": 2, "change_message": "[{\"changed\": {\"fields\": [\"first_name\", \"last_name\"]}}]"}}, {"model": "admin.logentry", "pk": 112, "fields": {"action_time": "2018-12-18T16:55:28.183", "user": 1, "content_type": 14, "object_id": "8", "object_repr": "matinght", "action_flag": 2, "change_message": "[{\"changed\": {\"fields\": [\"first_name\", \"last_name\"]}}]"}}, {"model": "admin.logentry", "pk": 113, "fields": {"action_time": "2018-12-18T16:55:42.253", "user": 1, "content_type": 14, "object_id": "5", "object_repr": "rackbart", "action_flag": 2, "change_message": "[{\"changed\": {\"fields\": [\"first_name\", \"last_name\"]}}]"}}, {"model": "admin.logentry", "pk": 114, "fields": {"action_time": "2018-12-18T16:55:59.941", "user": 1, "content_type": 14, "object_id": "6", "object_repr": "torthear", "action_flag": 2, "change_message": "[{\"changed\": {\"fields\": [\"first_name\", \"last_name\"]}}]"}}, {"model": "admin.logentry", "pk": 115, "fields": {"action_time": "2018-12-18T16:56:18.938", "user": 1, "content_type": 14, "object_id": "7", "object_repr": "cabloque", "action_flag": 2, "change_message": "[{\"changed\": {\"fields\": [\"company\", \"role\"]}}]"}}, {"model": "admin.logentry", "pk": 116, "fields": {"action_time": "2018-12-18T16:56:27.856", "user": 1, "content_type": 14, "object_id": "4", "object_repr": "glograni", "action_flag": 2, "change_message": "[{\"changed\": {\"fields\": [\"company\", \"role\"]}}]"}}, {"model": "admin.logentry", "pk": 117, "fields": {"action_time": "2018-12-18T16:56:36.656", "user": 1, "content_type": 14, "object_id": "8", "object_repr": "matinght", "action_flag": 2, "change_message": "[{\"changed\": {\"fields\": [\"company\", \"role\"]}}]"}}, {"model": "admin.logentry", "pk": 118, "fields": {"action_time": "2018-12-18T16:56:49.008", "user": 1, "content_type": 14, "object_id": "9", "object_repr": "orkenate", "action_flag": 2, "change_message": "[{\"changed\": {\"fields\": [\"company\", \"role\"]}}]"}}, {"model": "admin.logentry", "pk": 119, "fields": {"action_time": "2018-12-18T16:57:01.861", "user": 1, "content_type": 14, "object_id": "5", "object_repr": "rackbart", "action_flag": 2, "change_message": "[{\"changed\": {\"fields\": [\"company\", \"role\"]}}]"}}, {"model": "admin.logentry", "pk": 120, "fields": {"action_time": "2018-12-18T16:57:15.554", "user": 1, "content_type": 14, "object_id": "6", "object_repr": "torthear", "action_flag": 2, "change_message": "[{\"changed\": {\"fields\": [\"company\", \"role\"]}}]"}}, {"model": "admin.logentry", "pk": 121, "fields": {"action_time": "2018-12-18T17:06:06.458", "user": 1, "content_type": 19, "object_id": "22", "object_repr": "report_oIuE4e", "action_flag": 2, "change_message": "[{\"changed\": {\"fields\": [\"owner\"]}}]"}}, {"model": "admin.logentry", "pk": 122, "fields": {"action_time": "2018-12-18T17:06:27.854", "user": 1, "content_type": 19, "object_id": "22", "object_repr": "report_oIuE4e", "action_flag": 2, "change_message": "[{\"changed\": {\"fields\": [\"owner\"]}}]"}}, {"model": "admin.logentry", "pk": 123, "fields": {"action_time": "2018-12-18T17:07:13.860", "user": 1, "content_type": 19, "object_id": "22", "object_repr": "report_oIuE4e", "action_flag": 2, "change_message": "[{\"changed\": {\"fields\": [\"created_at\"]}}]"}}, {"model": "admin.logentry", "pk": 124, "fields": {"action_time": "2018-12-19T17:01:37.616", "user": 1, "content_type": 24, "object_id": "4", "object_repr": "\u0416\u0438\u0442\u043e\u043c\u0438\u0440, \u041a\u0440\u043e\u0448\u0435\u043d\u0441\u044c\u043a\u0438\u0439", "action_flag": 1, "change_message": "[{\"added\": {}}]"}}, {"model": "admin.logentry", "pk": 125, "fields": {"action_time": "2018-12-19T17:01:45.401", "user": 1, "content_type": 24, "object_id": "5", "object_repr": "\u0416\u0438\u0442\u043e\u043c\u0438\u0440, \u041a\u043e\u0440\u0431\u0443\u0442\u0456\u0432\u043a\u0430", "action_flag": 1, "change_message": "[{\"added\": {}}]"}}, {"model": "admin.logentry", "pk": 126, "fields": {"action_time": "2018-12-19T17:01:54.673", "user": 1, "content_type": 24, "object_id": "6", "object_repr": "\u041a\u0438\u0457\u0432, \u041f\u043e\u0434\u043e\u043b", "action_flag": 1, "change_message": "[{\"added\": {}}]"}}, {"model": "admin.logentry", "pk": 127, "fields": {"action_time": "2018-12-19T17:07:45.950", "user": 1, "content_type": 25, "object_id": "3", "object_repr": "rackbart - \u041a\u0438\u0457\u0432, \u0413\u043e\u043b\u043e\u0441\u0456\u0457\u0432\u0441\u044c\u043a\u0438\u0439", "action_flag": 2, "change_message": "[{\"changed\": {\"fields\": [\"agent\", \"route_region\"]}}]"}}, {"model": "admin.logentry", "pk": 128, "fields": {"action_time": "2018-12-19T17:08:01.750", "user": 1, "content_type": 25, "object_id": "2", "object_repr": "glograni - \u0416\u0438\u0442\u043e\u043c\u0438\u0440, \u0411\u043e\u0433\u0443\u043d\u0441\u044c\u043a\u0438\u0439", "action_flag": 2, "change_message": "[{\"changed\": {\"fields\": [\"agent\"]}}]"}}, {"model": "admin.logentry", "pk": 129, "fields": {"action_time": "2018-12-19T17:08:14.687", "user": 1, "content_type": 25, "object_id": "1", "object_repr": "torthear - \u041a\u0438\u0457\u0432, \u0413\u043e\u043b\u043e\u0441\u0456\u0457\u0432\u0441\u044c\u043a\u0438\u0439", "action_flag": 2, "change_message": "[{\"changed\": {\"fields\": [\"agent\"]}}]"}}, {"model": "admin.logentry", "pk": 130, "fields": {"action_time": "2018-12-19T17:08:37.528", "user": 1, "content_type": 25, "object_id": "4", "object_repr": "orkenate - \u041a\u0438\u0457\u0432, \u041f\u043e\u0434\u043e\u043b", "action_flag": 1, "change_message": "[{\"added\": {}}]"}}, {"model": "admin.logentry", "pk": 131, "fields": {"action_time": "2018-12-19T17:08:57.517", "user": 1, "content_type": 25, "object_id": "5", "object_repr": "cabloque - \u0416\u0438\u0442\u043e\u043c\u0438\u0440, \u041a\u0440\u043e\u0448\u0435\u043d\u0441\u044c\u043a\u0438\u0439", "action_flag": 1, "change_message": "[{\"added\": {}}]"}}, {"model": "admin.logentry", "pk": 132, "fields": {"action_time": "2018-12-19T17:09:10.197", "user": 1, "content_type": 25, "object_id": "6", "object_repr": "matinght - \u0416\u0438\u0442\u043e\u043c\u0438\u0440, \u041a\u043e\u0440\u0431\u0443\u0442\u0456\u0432\u043a\u0430", "action_flag": 1, "change_message": "[{\"added\": {}}]"}}, {"model": "admin.logentry", "pk": 133, "fields": {"action_time": "2018-12-19T19:22:18.462", "user": 1, "content_type": 19, "object_id": "27", "object_repr": "report_USfSi9", "action_flag": 2, "change_message": "[{\"changed\": {\"fields\": [\"assortment_percent\"]}}, {\"changed\": {\"name\": \"\\u0422\\u043e\\u0432\\u0430\\u0440 - \\u0417\\u0432\\u0456\\u0442\", \"object\": \"\\u0421\\u0443\\u043f\\u0435\\u0440 \\u0428\\u043e\\u043a\\u043e\\u043b\\u0430\\u0434\", \"fields\": [\"status\"]}}]"}}, {"model": "admin.logentry", "pk": 134, "fields": {"action_time": "2018-12-19T19:22:35.349", "user": 1, "content_type": 19, "object_id": "22", "object_repr": "report_oIuE4e", "action_flag": 2, "change_message": "[{\"changed\": {\"fields\": [\"assortment_percent\"]}}, {\"changed\": {\"name\": \"\\u0422\\u043e\\u0432\\u0430\\u0440 - \\u0417\\u0432\\u0456\\u0442\", \"object\": \"\\u0417\\u043e\\u043b\\u043e\\u0442\\u0438\\u0439 \\u041a\\u043b\\u044e\\u0447\\u0438\\u043a\", \"fields\": [\"status\"]}}]"}}, {"model": "admin.logentry", "pk": 135, "fields": {"action_time": "2018-12-20T17:16:14.144", "user": 1, "content_type": 17, "object_id": "1", "object_repr": "Billa  \u0432\u0443\u043b. \u041a\u0438\u0457\u0432\u0441\u044c\u043a\u0430 25", "action_flag": 2, "change_message": "[{\"changed\": {\"fields\": [\"lat\", \"lon\"]}}]"}}, {"model": "admin.logentry", "pk": 136, "fields": {"action_time": "2018-12-20T17:16:44.208", "user": 1, "content_type": 17, "object_id": "2", "object_repr": "ATB  \u0432\u0443\u043b. \u041a\u0438\u0457\u0432\u0441\u044c\u043a\u0430 56", "action_flag": 2, "change_message": "[{\"changed\": {\"fields\": [\"lat\", \"lon\"]}}]"}}, {"model": "admin.logentry", "pk": 137, "fields": {"action_time": "2018-12-20T17:17:07.219", "user": 1, "content_type": 17, "object_id": "3", "object_repr": "\u0410\u0448\u0430\u043d  \u0432\u0443\u043b. \u041f\u043e\u043a\u0440\u043e\u0432\u0441\u044c\u043a\u0430 89", "action_flag": 2, "change_message": "[{\"changed\": {\"fields\": [\"lat\", \"lon\"]}}]"}}, {"model": "admin.logentry", "pk": 138, "fields": {"action_time": "2018-12-23T00:18:15.397", "user": 1, "content_type": 17, "object_id": "4", "object_repr": "\u0410\u0422\u0411  \u0432\u0443\u043b. \u0412\u0430\u0442\u0443\u0442\u0456\u043d\u0430 29", "action_flag": 1, "change_message": "[{\"added\": {}}, {\"added\": {\"name\": \"\\u0422\\u043e\\u0440\\u0433\\u043e\\u0432\\u0430 \\u0442\\u043e\\u0447\\u043a\\u0430 - \\u0422\\u043e\\u0432\\u0430\\u0440\", \"object\": \"\\u0417\\u043e\\u043b\\u043e\\u0442\\u0438\\u0439 \\u041a\\u043b\\u044e\\u0447\\u0438\\u043a - \\u0410\\u0422\\u0411  \\u0432\\u0443\\u043b. \\u0412\\u0430\\u0442\\u0443\\u0442\\u0456\\u043d\\u0430 29\"}}, {\"added\": {\"name\": \"\\u0422\\u043e\\u0440\\u0433\\u043e\\u0432\\u0430 \\u0442\\u043e\\u0447\\u043a\\u0430 - \\u0422\\u043e\\u0432\\u0430\\u0440\", \"object\": \"\\u0421\\u0443\\u043f\\u0435\\u0440 \\u0428\\u043e\\u043a\\u043e\\u043b\\u0430\\u0434 - \\u0410\\u0422\\u0411  \\u0432\\u0443\\u043b. \\u0412\\u0430\\u0442\\u0443\\u0442\\u0456\\u043d\\u0430 29\"}}]"}}, {"model": "admin.logentry", "pk": 139, "fields": {"action_time": "2018-12-23T00:19:35.268", "user": 1, "content_type": 13, "object_id": "6", "object_repr": "UploadPhoto object (6)", "action_flag": 2, "change_message": "[{\"changed\": {\"fields\": [\"store\"]}}]"}}, {"model": "admin.logentry", "pk": 140, "fields": {"action_time": "2018-12-23T00:19:40.477", "user": 1, "content_type": 13, "object_id": "7", "object_repr": "UploadPhoto object (7)", "action_flag": 2, "change_message": "[{\"changed\": {\"fields\": [\"store\"]}}]"}}, {"model": "admin.logentry", "pk": 141, "fields": {"action_time": "2018-12-23T00:22:07.252", "user": 1, "content_type": 17, "object_id": "5", "object_repr": "\u0423 \u041c\u0430\u043a\u0441\u0430  \u0432\u0443\u043b. \u0421\u0445\u0456\u0434\u043d\u0430 25", "action_flag": 1, "change_message": "[{\"added\": {}}, {\"added\": {\"name\": \"\\u0422\\u043e\\u0440\\u0433\\u043e\\u0432\\u0430 \\u0442\\u043e\\u0447\\u043a\\u0430 - \\u0422\\u043e\\u0432\\u0430\\u0440\", \"object\": \"\\u0421\\u0443\\u043f\\u0435\\u0440 \\u0428\\u043e\\u043a\\u043e\\u043b\\u0430\\u0434 - \\u0423 \\u041c\\u0430\\u043a\\u0441\\u0430  \\u0432\\u0443\\u043b. \\u0421\\u0445\\u0456\\u0434\\u043d\\u0430 25\"}}, {\"added\": {\"name\": \"\\u0422\\u043e\\u0440\\u0433\\u043e\\u0432\\u0430 \\u0442\\u043e\\u0447\\u043a\\u0430 - \\u0422\\u043e\\u0432\\u0430\\u0440\", \"object\": \"\\u041f\\u043b\\u043e\\u043c\\u0431\\u0456\\u0440 - \\u0423 \\u041c\\u0430\\u043a\\u0441\\u0430  \\u0432\\u0443\\u043b. \\u0421\\u0445\\u0456\\u0434\\u043d\\u0430 25\"}}]"}}]